"Name","AdminCount","GroupCategory","GroupScope","ManagedBy","SID","SIDHistory","Description","whenCreated","whenChanged","DistinguishedName","CanonicalName"
"Administrators","1","Security","DomainLocal","","S-1-5-32-544","","Administrators have complete and unrestricted access to the computer/domain","8/10/2020 8:36:41 PM","9/1/2020 6:30:33 PM","CN=Administrators,CN=Builtin,DC=LAB,DC=local","LAB.local/Builtin/Administrators"
"Domain Controllers","1","Security","Global","","S-1-5-21-3291825774-2351178969-2332353497-516","","All domain controllers in the domain","8/10/2020 8:37:15 PM","8/27/2020 7:40:45 PM","CN=Domain Controllers,CN=Users,DC=LAB,DC=local","LAB.local/Users/Domain Controllers"
"Users",,"Security","DomainLocal","","S-1-5-32-545","","Users are prevented from making accidental or intentional system-wide changes and can run most applications","8/10/2020 8:36:41 PM","8/27/2020 7:40:46 PM","CN=Users,CN=Builtin,DC=LAB,DC=local","LAB.local/Builtin/Users"
"Schema Admins","1","Security","Universal","","S-1-5-21-3291825774-2351178969-2332353497-518","","Designated administrators of the schema","8/10/2020 8:37:15 PM","8/10/2020 8:52:24 PM","CN=Schema Admins,CN=Users,DC=LAB,DC=local","LAB.local/Users/Schema Admins"
"Guests",,"Security","DomainLocal","","S-1-5-32-546","","Guests have the same access as members of the Users group by default, except for the Guest account which is further restricted","8/10/2020 8:36:41 PM","8/27/2020 7:40:46 PM","CN=Guests,CN=Builtin,DC=LAB,DC=local","LAB.local/Builtin/Guests"
"Enterprise Admins","1","Security","Universal","","S-1-5-21-3291825774-2351178969-2332353497-519","","Designated administrators of the enterprise","8/10/2020 8:37:15 PM","8/10/2020 8:52:24 PM","CN=Enterprise Admins,CN=Users,DC=LAB,DC=local","LAB.local/Users/Enterprise Admins"
"DnsUpdateProxy",,"Security","Global","","S-1-5-21-3291825774-2351178969-2332353497-1104","","DNS clients who are permitted to perform dynamic updates on behalf of some other clients (such as DHCP servers).","8/10/2020 8:37:54 PM","8/27/2020 7:40:48 PM","CN=DnsUpdateProxy,CN=Users,DC=LAB,DC=local","LAB.local/Users/DnsUpdateProxy"
"Print Operators","1","Security","DomainLocal","","S-1-5-32-550","","Members can administer printers installed on domain controllers","8/10/2020 8:36:41 PM","8/27/2020 7:40:46 PM","CN=Print Operators,CN=Builtin,DC=LAB,DC=local","LAB.local/Builtin/Print Operators"
"Cert Publishers",,"Security","DomainLocal","","S-1-5-21-3291825774-2351178969-2332353497-517","","Members of this group are permitted to publish certificates to the directory","8/10/2020 8:37:15 PM","8/27/2020 7:40:46 PM","CN=Cert Publishers,CN=Users,DC=LAB,DC=local","LAB.local/Users/Cert Publishers"
"ST-vela30bet-admingroup",,"Security","Global","STEPHAN_CASEY","S-1-5-21-3291825774-2351178969-2332353497-3964","","Follow Davidprowe on twitter for updates to this script","8/27/2020 7:28:40 PM","8/27/2020 7:40:48 PM","CN=ST-vela30bet-admingroup,OU=Test,OU=SEC,OU=Stage,DC=LAB,DC=local","LAB.local/Stage/SEC/Test/ST-vela30bet-admingroup"
"MI-242-distlist",,"Security","Global","MILLICENT_CLARKE","S-1-5-21-3291825774-2351178969-2332353497-3988","","Follow Davidprowe on twitter for updates to this script","8/27/2020 7:29:04 PM","8/27/2020 7:40:47 PM","CN=MI-242-distlist,OU=People,DC=LAB,DC=local","LAB.local/People/MI-242-distlist"
"Domain Admins","1","Security","Global","","S-1-5-21-3291825774-2351178969-2332353497-512","","Designated administrators of the domain","8/10/2020 8:37:15 PM","8/27/2020 7:40:45 PM","CN=Domain Admins,CN=Users,DC=LAB,DC=local","LAB.local/Users/Domain Admins"
"WseRemoteWebAccessUsers",,"Security","Global","","S-1-5-21-3291825774-2351178969-2332353497-1105","","Users with permissions to use Remote Web Access.","8/10/2020 8:43:48 PM","8/27/2020 7:40:42 PM","CN=WseRemoteWebAccessUsers,CN=Users,DC=LAB,DC=local","LAB.local/Users/WseRemoteWebAccessUsers"
"RO-cam-admingroup",,"Security","Global","ROSALIE_INGRAM","S-1-5-21-3291825774-2351178969-2332353497-3989","","Follow Davidprowe on twitter for updates to this script","8/27/2020 7:29:05 PM","8/27/2020 7:40:50 PM","CN=RO-cam-admingroup,OU=Devices,OU=ITS,OU=Stage,DC=LAB,DC=local","LAB.local/Stage/ITS/Devices/RO-cam-admingroup"
"23-cuxacpart-distlist",,"Security","Global","2311760548SA","S-1-5-21-3291825774-2351178969-2332353497-4012","","Follow Davidprowe on twitter for updates to this script","8/27/2020 7:29:26 PM","8/27/2020 7:40:50 PM","CN=23-cuxacpart-distlist,OU=Devices,OU=GOO,OU=Tier 1,DC=LAB,DC=local","LAB.local/Tier 1/GOO/Devices/23-cuxacpart-distlist"
"Domain Users",,"Security","Global","","S-1-5-21-3291825774-2351178969-2332353497-513","","All domain users","8/10/2020 8:37:15 PM","8/10/2020 8:37:15 PM","CN=Domain Users,CN=Users,DC=LAB,DC=local","LAB.local/Users/Domain Users"
"Domain Guests",,"Security","Global","","S-1-5-21-3291825774-2351178969-2332353497-514","","All domain guests","8/10/2020 8:37:15 PM","8/10/2020 8:37:15 PM","CN=Domain Guests,CN=Users,DC=LAB,DC=local","LAB.local/Users/Domain Guests"
"LE-azu-distlist",,"Security","Global","LEE_JUSTICE","S-1-5-21-3291825774-2351178969-2332353497-4036","","Follow Davidprowe on twitter for updates to this script","8/27/2020 7:29:49 PM","8/27/2020 7:40:49 PM","CN=LE-azu-distlist,OU=Groups,OU=OGC,OU=Tier 1,DC=LAB,DC=local","LAB.local/Tier 1/OGC/Groups/LE-azu-distlist"
"Backup Operators","1","Security","DomainLocal","","S-1-5-32-551","","Backup Operators can override security restrictions for the sole purpose of backing up or restoring files","8/10/2020 8:36:41 PM","8/27/2020 7:40:46 PM","CN=Backup Operators,CN=Builtin,DC=LAB,DC=local","LAB.local/Builtin/Backup Operators"
"WseAllowShareAccess",,"Security","Global","","S-1-5-21-3291825774-2351178969-2332353497-1106","","Users with permissions to access shared folders in Remote Web Access.","8/10/2020 8:43:48 PM","8/27/2020 7:40:48 PM","CN=WseAllowShareAccess,CN=Users,DC=LAB,DC=local","LAB.local/Users/WseAllowShareAccess"
"VA-9570794AS-distlist",,"Security","Global","VALERIE_AVERY","S-1-5-21-3291825774-2351178969-2332353497-3990","","Follow Davidprowe on twitter for updates to this script","8/27/2020 7:29:06 PM","8/27/2020 7:40:50 PM","CN=VA-9570794AS-distlist,OU=ServiceAccounts,OU=BDE,OU=Stage,DC=LAB,DC=local","LAB.local/Stage/BDE/ServiceAccounts/VA-9570794AS-distlist"
"BR-myk-distlist",,"Security","Global","BRICE_MOSLEY","S-1-5-21-3291825774-2351178969-2332353497-4060","","Follow Davidprowe on twitter for updates to this script","8/27/2020 7:30:11 PM","8/27/2020 7:40:47 PM","CN=BR-myk-distlist,OU=Devices,OU=FIN,OU=Stage,DC=LAB,DC=local","LAB.local/Stage/FIN/Devices/BR-myk-distlist"
"Group Policy Creator Owners",,"Security","Global","","S-1-5-21-3291825774-2351178969-2332353497-520","","Members in this group can modify group policy for the domain","8/10/2020 8:37:15 PM","8/27/2020 7:40:46 PM","CN=Group Policy Creator Owners,CN=Users,DC=LAB,DC=local","LAB.local/Users/Group Policy Creator Owners"
"BA-carolina6-distlist",,"Security","Global","BARTON_BEAN","S-1-5-21-3291825774-2351178969-2332353497-4013","","Follow Davidprowe on twitter for updates to this script","8/27/2020 7:29:27 PM","8/27/2020 7:40:49 PM","CN=BA-carolina6-distlist,OU=Test,OU=GOO,OU=Tier 1,DC=LAB,DC=local","LAB.local/Tier 1/GOO/Test/BA-carolina6-distlist"
"GU-spa-distlist",,"Security","Global","GUADALUPE_WALLS","S-1-5-21-3291825774-2351178969-2332353497-4084","","Follow Davidprowe on twitter for updates to this script","8/27/2020 7:30:34 PM","8/27/2020 7:40:40 PM","CN=GU-spa-distlist,OU=Test,OU=OGC,OU=Tier 2,DC=LAB,DC=local","LAB.local/Tier 2/OGC/Test/GU-spa-distlist"
"JE-46454328d-distlist",,"Security","Global","JENIFER_ROCHA","S-1-5-21-3291825774-2351178969-2332353497-4061","","Follow Davidprowe on twitter for updates to this script","8/27/2020 7:30:12 PM","8/27/2020 7:40:43 PM","CN=JE-46454328d-distlist,OU=Groups,OU=BDE,OU=Tier 2,DC=LAB,DC=local","LAB.local/Tier 2/BDE/Groups/JE-46454328d-distlist"
"WseAllowComputerAccess",,"Security","Global","","S-1-5-21-3291825774-2351178969-2332353497-1107","","Users with permissions to access computer remotely in Remote Web Access.","8/10/2020 8:43:48 PM","8/27/2020 7:40:44 PM","CN=WseAllowComputerAccess,CN=Users,DC=LAB,DC=local","LAB.local/Users/WseAllowComputerAccess"
"DO-cov-distlist",,"Security","Global","DOMINIC_GOODMAN","S-1-5-21-3291825774-2351178969-2332353497-4037","","Follow Davidprowe on twitter for updates to this script","8/27/2020 7:29:50 PM","8/27/2020 7:40:39 PM","CN=DO-cov-distlist,OU=FSR,OU=Tier 2,DC=LAB,DC=local","LAB.local/Tier 2/FSR/DO-cov-distlist"
"LA-singaraja-admingroup",,"Security","Global","LADONNA_WATTS","S-1-5-21-3291825774-2351178969-2332353497-4014","","Follow Davidprowe on twitter for updates to this script","8/27/2020 7:29:28 PM","8/27/2020 7:40:47 PM","CN=LA-singaraja-admingroup,OU=.SecFrame.com,DC=LAB,DC=local","LAB.local/.SecFrame.com/LA-singaraja-admingroup"
"RAS and IAS Servers",,"Security","DomainLocal","","S-1-5-21-3291825774-2351178969-2332353497-553","","Servers in this group can access remote access properties of users","8/10/2020 8:37:15 PM","8/27/2020 7:40:46 PM","CN=RAS and IAS Servers,CN=Users,DC=LAB,DC=local","LAB.local/Users/RAS and IAS Servers"
"JA-918670241-distlist",,"Security","Global","JANET_FINCH","S-1-5-21-3291825774-2351178969-2332353497-4085","","Follow Davidprowe on twitter for updates to this script","8/27/2020 7:30:35 PM","8/27/2020 7:40:50 PM","CN=JA-918670241-distlist,OU=T0-Permissions,OU=Tier 0,OU=Admin,DC=LAB,DC=local","LAB.local/Admin/Tier 0/T0-Permissions/JA-918670241-distlist"
"LI-280-admingroup",,"Security","Global","LINWOOD_BEARD","S-1-5-21-3291825774-2351178969-2332353497-4062","","Follow Davidprowe on twitter for updates to this script","8/27/2020 7:30:13 PM","8/27/2020 7:40:50 PM","CN=LI-280-admingroup,OU=Devices,OU=AZR,OU=Tier 1,DC=LAB,DC=local","LAB.local/Tier 1/AZR/Devices/LI-280-admingroup"
"KR-BASQUIPA5-admingroup",,"Security","Global","KRYSTAL_YORK","S-1-5-21-3291825774-2351178969-2332353497-4038","","Follow Davidprowe on twitter for updates to this script","8/27/2020 7:29:51 PM","8/27/2020 7:40:49 PM","CN=KR-BASQUIPA5-admingroup,OU=AWS,OU=Stage,DC=LAB,DC=local","LAB.local/Stage/AWS/KR-BASQUIPA5-admingroup"
"Server Operators","1","Security","DomainLocal","","S-1-5-32-549","","Members can administer domain servers","8/10/2020 8:37:15 PM","8/27/2020 7:40:47 PM","CN=Server Operators,CN=Builtin,DC=LAB,DC=local","LAB.local/Builtin/Server Operators"
"FO-zai-admingroup",,"Security","Global","FOREST_LYONS","S-1-5-21-3291825774-2351178969-2332353497-4063","","Follow Davidprowe on twitter for updates to this script","8/27/2020 7:30:14 PM","8/27/2020 7:40:47 PM","CN=FO-zai-admingroup,OU=T2-Roles,OU=Tier 2,OU=Admin,DC=LAB,DC=local","LAB.local/Admin/Tier 2/T2-Roles/FO-zai-admingroup"
"WseAllowMediaAccess",,"Security","Global","","S-1-5-21-3291825774-2351178969-2332353497-1108","","Users with permissions to access the media library in Remote Web Access","8/10/2020 8:43:48 PM","8/27/2020 7:40:49 PM","CN=WseAllowMediaAccess,CN=Users,DC=LAB,DC=local","LAB.local/Users/WseAllowMediaAccess"
"Account Operators","1","Security","DomainLocal","","S-1-5-32-548","","Members can administer domain user and group accounts","8/10/2020 8:37:15 PM","8/27/2020 7:40:47 PM","CN=Account Operators,CN=Builtin,DC=LAB,DC=local","LAB.local/Builtin/Account Operators"
"SY-156580552-admingroup",,"Security","Global","SYDNEY_ROSA","S-1-5-21-3291825774-2351178969-2332353497-4086","","Follow Davidprowe on twitter for updates to this script","8/27/2020 7:30:36 PM","8/27/2020 7:40:36 PM","CN=SY-156580552-admingroup,OU=GOO,OU=Tier 2,DC=LAB,DC=local","LAB.local/Tier 2/GOO/SY-156580552-admingroup"
"JO-ayse12345-distlist",,"Security","Global","JOSH_MADDEN","S-1-5-21-3291825774-2351178969-2332353497-3991","","Follow Davidprowe on twitter for updates to this script","8/27/2020 7:29:06 PM","8/27/2020 7:40:48 PM","CN=JO-ayse12345-distlist,OU=Test,OU=FSR,OU=Stage,DC=LAB,DC=local","LAB.local/Stage/FSR/Test/JO-ayse12345-distlist"
"Pre-Windows 2000 Compatible Access",,"Security","DomainLocal","","S-1-5-32-554","","A backward compatibility group which allows read access on all users and groups in the domain","8/10/2020 8:37:15 PM","8/27/2020 7:40:47 PM","CN=Pre-Windows 2000 Compatible Access,CN=Builtin,DC=LAB,DC=local","LAB.local/Builtin/Pre-Windows 2000 Compatible Access"
"80-fulanitaa-admingroup",,"Security","Global","8025171724SA","S-1-5-21-3291825774-2351178969-2332353497-4039","","Follow Davidprowe on twitter for updates to this script","8/27/2020 7:29:52 PM","8/27/2020 7:40:48 PM","CN=80-fulanitaa-admingroup,OU=HRE,OU=People,DC=LAB,DC=local","LAB.local/People/HRE/80-fulanitaa-admingroup"
"Incoming Forest Trust Builders",,"Security","DomainLocal","","S-1-5-32-557","","Members of this group can create incoming, one-way trusts to this forest","8/10/2020 8:37:15 PM","8/27/2020 7:40:47 PM","CN=Incoming Forest Trust Builders,CN=Builtin,DC=LAB,DC=local","LAB.local/Builtin/Incoming Forest Trust Builders"
"DE-222-distlist",,"Security","Global","DELIA_DRAKE","S-1-5-21-3291825774-2351178969-2332353497-4087","","Follow Davidprowe on twitter for updates to this script","8/27/2020 7:30:37 PM","8/27/2020 7:40:48 PM","CN=DE-222-distlist,OU=Devices,OU=AZR,OU=Tier 2,DC=LAB,DC=local","LAB.local/Tier 2/AZR/Devices/DE-222-distlist"
"WseAllowAddInAccess",,"Security","Global","","S-1-5-21-3291825774-2351178969-2332353497-1109","","Users with permissions to access Windows Server Essentials Add-ins.","8/10/2020 8:43:49 PM","8/27/2020 7:40:41 PM","CN=WseAllowAddInAccess,CN=Users,DC=LAB,DC=local","LAB.local/Users/WseAllowAddInAccess"
"SA-avi-distlist",,"Security","Global","SANDY_ROWLAND","S-1-5-21-3291825774-2351178969-2332353497-4040","","Follow Davidprowe on twitter for updates to this script","8/27/2020 7:29:52 PM","8/27/2020 7:40:50 PM","CN=SA-avi-distlist,OU=Groups,OU=TST,OU=Tier 1,DC=LAB,DC=local","LAB.local/Tier 1/TST/Groups/SA-avi-distlist"
"Windows Authorization Access Group",,"Security","DomainLocal","","S-1-5-32-560","","Members of this group have access to the computed tokenGroupsGlobalAndUniversal attribute on User objects","8/10/2020 8:37:15 PM","8/27/2020 7:40:47 PM","CN=Windows Authorization Access Group,CN=Builtin,DC=LAB,DC=local","LAB.local/Builtin/Windows Authorization Access Group"
"CH-miesencia-distlist",,"Security","Global","CHERI_WEAVER","S-1-5-21-3291825774-2351178969-2332353497-3992","","Follow Davidprowe on twitter for updates to this script","8/27/2020 7:29:07 PM","8/27/2020 7:40:49 PM","CN=CH-miesencia-distlist,OU=Groups,OU=ESM,OU=Stage,DC=LAB,DC=local","LAB.local/Stage/ESM/Groups/CH-miesencia-distlist"
"TO-160-distlist",,"Security","Global","TONI_VANG","S-1-5-21-3291825774-2351178969-2332353497-4088","","Follow Davidprowe on twitter for updates to this script","8/27/2020 7:30:37 PM","8/27/2020 7:40:44 PM","CN=TO-160-distlist,OU=GOO,OU=Tier 1,DC=LAB,DC=local","LAB.local/Tier 1/GOO/TO-160-distlist"
"DO-KIL-distlist",,"Security","Global","DOUG_POWERS","S-1-5-21-3291825774-2351178969-2332353497-4041","","Follow Davidprowe on twitter for updates to this script","8/27/2020 7:29:54 PM","8/27/2020 7:40:44 PM","CN=DO-KIL-distlist,OU=Groups,OU=GOO,OU=Tier 2,DC=LAB,DC=local","LAB.local/Tier 2/GOO/Groups/DO-KIL-distlist"
"DA-vin-distlist",,"Security","Global","DARNELL_LYNCH","S-1-5-21-3291825774-2351178969-2332353497-3993","","Follow Davidprowe on twitter for updates to this script","8/27/2020 7:29:08 PM","8/27/2020 7:40:49 PM","CN=DA-vin-distlist,OU=T2-Roles,OU=Tier 2,OU=Admin,DC=LAB,DC=local","LAB.local/Admin/Tier 2/T2-Roles/DA-vin-distlist"
"Terminal Server License Servers",,"Security","DomainLocal","","S-1-5-32-561","","Members of this group can update user accounts in Active Directory with information about license issuance, for the purpose of tracking and reporting TS Per User CAL usage","8/10/2020 8:37:15 PM","8/27/2020 7:40:47 PM","CN=Terminal Server License Servers,CN=Builtin,DC=LAB,DC=local","LAB.local/Builtin/Terminal Server License Servers"
"WseAllowDashboardAccess",,"Security","Global","","S-1-5-21-3291825774-2351178969-2332353497-1110","","Users with permissions to access Dashboard remotely in Remote Web Access.","8/10/2020 8:43:49 PM","8/27/2020 7:40:41 PM","CN=WseAllowDashboardAccess,CN=Users,DC=LAB,DC=local","LAB.local/Users/WseAllowDashboardAccess"
"21-dulcesito-admingroup",,"Security","Global","2117782300SA","S-1-5-21-3291825774-2351178969-2332353497-4089","","Follow Davidprowe on twitter for updates to this script","8/27/2020 7:30:38 PM","8/27/2020 7:40:49 PM","CN=21-dulcesito-admingroup,OU=ESM,OU=Stage,DC=LAB,DC=local","LAB.local/Stage/ESM/21-dulcesito-admingroup"
"LE-mer-admingroup",,"Security","Global","LEWIS_BURGESS","S-1-5-21-3291825774-2351178969-2332353497-4042","","Follow Davidprowe on twitter for updates to this script","8/27/2020 7:29:55 PM","8/27/2020 7:40:47 PM","CN=LE-mer-admingroup,OU=FSR,OU=Stage,DC=LAB,DC=local","LAB.local/Stage/FSR/LE-mer-admingroup"
"Replicator","1","Security","DomainLocal","","S-1-5-32-552","","Supports file replication in a domain","8/10/2020 8:36:41 PM","8/27/2020 7:40:46 PM","CN=Replicator,CN=Builtin,DC=LAB,DC=local","LAB.local/Builtin/Replicator"
"Allowed RODC Password Replication Group",,"Security","DomainLocal","","S-1-5-21-3291825774-2351178969-2332353497-571","","Members in this group can have their passwords replicated to all read-only domain controllers in the domain","8/10/2020 8:37:15 PM","8/27/2020 7:40:46 PM","CN=Allowed RODC Password Replication Group,CN=Users,DC=LAB,DC=local","LAB.local/Users/Allowed RODC Password Replication Group"
"MA-270-admingroup",,"Security","Global","MADELEINE_SAWYER","S-1-5-21-3291825774-2351178969-2332353497-3994","","Follow Davidprowe on twitter for updates to this script","8/27/2020 7:29:09 PM","8/27/2020 7:40:43 PM","CN=MA-270-admingroup,OU=OGC,OU=People,DC=LAB,DC=local","LAB.local/People/OGC/MA-270-admingroup"
"RO-bere1102a-distlist",,"Security","Global","RON_WOOD","S-1-5-21-3291825774-2351178969-2332353497-4090","","Follow Davidprowe on twitter for updates to this script","8/27/2020 7:30:39 PM","8/27/2020 7:40:49 PM","CN=RO-bere1102a-distlist,OU=Devices,OU=AWS,OU=Tier 1,DC=LAB,DC=local","LAB.local/Tier 1/AWS/Devices/RO-bere1102a-distlist"
"Remote Desktop Users",,"Security","DomainLocal","","S-1-5-32-555","","Members in this group are granted the right to logon remotely","8/10/2020 8:36:41 PM","8/27/2020 7:40:46 PM","CN=Remote Desktop Users,CN=Builtin,DC=LAB,DC=local","LAB.local/Builtin/Remote Desktop Users"
"Denied RODC Password Replication Group",,"Security","DomainLocal","","S-1-5-21-3291825774-2351178969-2332353497-572","","Members in this group cannot have their passwords replicated to any read-only domain controllers in the domain","8/10/2020 8:37:15 PM","8/27/2020 7:40:46 PM","CN=Denied RODC Password Replication Group,CN=Users,DC=LAB,DC=local","LAB.local/Users/Denied RODC Password Replication Group"
"WseAllowHomePageLinks",,"Security","Global","","S-1-5-21-3291825774-2351178969-2332353497-1111","","Users with permissions to access links gadget in Remote Web Access.","8/10/2020 8:43:49 PM","8/27/2020 7:40:50 PM","CN=WseAllowHomePageLinks,CN=Users,DC=LAB,DC=local","LAB.local/Users/WseAllowHomePageLinks"
"LU-171-distlist",,"Security","Global","LUELLA_MONTGOMERY","S-1-5-21-3291825774-2351178969-2332353497-3995","","Follow Davidprowe on twitter for updates to this script","8/27/2020 7:29:10 PM","8/27/2020 7:40:45 PM","CN=LU-171-distlist,OU=ServiceAccounts,OU=HRE,OU=Tier 2,DC=LAB,DC=local","LAB.local/Tier 2/HRE/ServiceAccounts/LU-171-distlist"
"CA-pol-distlist",,"Security","Global","CATHRYN_DECKER","S-1-5-21-3291825774-2351178969-2332353497-4091","","Follow Davidprowe on twitter for updates to this script","8/27/2020 7:30:40 PM","8/27/2020 7:40:41 PM","CN=CA-pol-distlist,OU=Grouper-Groups,DC=LAB,DC=local","LAB.local/Grouper-Groups/CA-pol-distlist"
"Network Configuration Operators",,"Security","DomainLocal","","S-1-5-32-556","","Members in this group can have some administrative privileges to manage configuration of networking features","8/10/2020 8:36:41 PM","8/27/2020 7:40:46 PM","CN=Network Configuration Operators,CN=Builtin,DC=LAB,DC=local","LAB.local/Builtin/Network Configuration Operators"
"Read-only Domain Controllers","1","Security","Global","","S-1-5-21-3291825774-2351178969-2332353497-521","","Members of this group are Read-Only Domain Controllers in the domain","8/10/2020 8:37:15 PM","8/27/2020 7:40:46 PM","CN=Read-only Domain Controllers,CN=Users,DC=LAB,DC=local","LAB.local/Users/Read-only Domain Controllers"
"BE-oscar2546-distlist",,"Security","Global","BERT_PADILLA","S-1-5-21-3291825774-2351178969-2332353497-3996","","Follow Davidprowe on twitter for updates to this script","8/27/2020 7:29:11 PM","8/27/2020 7:40:32 PM","CN=BE-oscar2546-distlist,OU=ITS,OU=People,DC=LAB,DC=local","LAB.local/People/ITS/BE-oscar2546-distlist"
"Performance Monitor Users",,"Security","DomainLocal","","S-1-5-32-558","","Members of this group can access performance counter data locally and remotely","8/10/2020 8:36:41 PM","8/27/2020 7:40:46 PM","CN=Performance Monitor Users,CN=Builtin,DC=LAB,DC=local","LAB.local/Builtin/Performance Monitor Users"
"Enterprise Read-only Domain Controllers",,"Security","Universal","","S-1-5-21-3291825774-2351178969-2332353497-498","","Members of this group are Read-Only Domain Controllers in the enterprise","8/10/2020 8:37:15 PM","8/10/2020 8:37:15 PM","CN=Enterprise Read-only Domain Controllers,CN=Users,DC=LAB,DC=local","LAB.local/Users/Enterprise Read-only Domain Controllers"
"WseAlertAdministrators",,"Security","Global","","S-1-5-21-3291825774-2351178969-2332353497-1112","","Users with permissions to view alerts in the network.","8/10/2020 8:43:49 PM","8/27/2020 7:40:37 PM","CN=WseAlertAdministrators,CN=Users,DC=LAB,DC=local","LAB.local/Users/WseAlertAdministrators"
"MA-das-distlist",,"Security","Global","MARJORIE_STRICKLAND","S-1-5-21-3291825774-2351178969-2332353497-4015","","Follow Davidprowe on twitter for updates to this script","8/27/2020 7:29:29 PM","8/27/2020 7:40:48 PM","CN=MA-das-distlist,OU=HRE,OU=Tier 1,DC=LAB,DC=local","LAB.local/Tier 1/HRE/MA-das-distlist"
"ID-josailorv-distlist",,"Security","Global","IDA_GRIFFIN","S-1-5-21-3291825774-2351178969-2332353497-4092","","Follow Davidprowe on twitter for updates to this script","8/27/2020 7:30:41 PM","8/27/2020 7:40:42 PM","CN=ID-josailorv-distlist,OU=Groups,OU=OGC,OU=Tier 1,DC=LAB,DC=local","LAB.local/Tier 1/OGC/Groups/ID-josailorv-distlist"
"LE-gas-distlist",,"Security","Global","LEE_REESE","S-1-5-21-3291825774-2351178969-2332353497-3997","","Follow Davidprowe on twitter for updates to this script","8/27/2020 7:29:12 PM","8/27/2020 7:40:47 PM","CN=LE-gas-distlist,OU=Devices,OU=GOO,OU=Tier 2,DC=LAB,DC=local","LAB.local/Tier 2/GOO/Devices/LE-gas-distlist"
"Performance Log Users",,"Security","DomainLocal","","S-1-5-32-559","","Members of this group may schedule logging of performance counters, enable trace providers, and collect event traces both locally and via remote access to this computer","8/10/2020 8:36:41 PM","8/27/2020 7:40:46 PM","CN=Performance Log Users,CN=Builtin,DC=LAB,DC=local","LAB.local/Builtin/Performance Log Users"
"Cloneable Domain Controllers",,"Security","Global","","S-1-5-21-3291825774-2351178969-2332353497-522","","Members of this group that are domain controllers may be cloned.","8/10/2020 8:37:15 PM","8/27/2020 7:40:46 PM","CN=Cloneable Domain Controllers,CN=Users,DC=LAB,DC=local","LAB.local/Users/Cloneable Domain Controllers"
"CY-sur-distlist",,"Security","Global","CYRUS_GRIFFITH","S-1-5-21-3291825774-2351178969-2332353497-4016","","Follow Davidprowe on twitter for updates to this script","8/27/2020 7:29:30 PM","8/27/2020 7:40:50 PM","CN=CY-sur-distlist,OU=Groups,OU=FSR,OU=Tier 1,DC=LAB,DC=local","LAB.local/Tier 1/FSR/Groups/CY-sur-distlist"
"KA-neg-admingroup",,"Security","Global","KARIN_KELLEY","S-1-5-21-3291825774-2351178969-2332353497-4093","","Follow Davidprowe on twitter for updates to this script","8/27/2020 7:30:42 PM","8/27/2020 7:40:42 PM","CN=KA-neg-admingroup,OU=ITS,OU=Stage,DC=LAB,DC=local","LAB.local/Stage/ITS/KA-neg-admingroup"
"FL-asc-distlist",,"Security","Global","FLORENCE_SIMMONS","S-1-5-21-3291825774-2351178969-2332353497-3998","","Follow Davidprowe on twitter for updates to this script","8/27/2020 7:29:13 PM","8/27/2020 7:40:48 PM","CN=FL-asc-distlist,OU=SEC,OU=Tier 2,DC=LAB,DC=local","LAB.local/Tier 2/SEC/FL-asc-distlist"
"HE-140-distlist",,"Security","Global","HERBERT_HIGGINS","S-1-5-21-3291825774-2351178969-2332353497-4017","","Follow Davidprowe on twitter for updates to this script","8/27/2020 7:29:31 PM","8/27/2020 7:40:48 PM","CN=HE-140-distlist,OU=Devices,OU=ESM,OU=Tier 1,DC=LAB,DC=local","LAB.local/Tier 1/ESM/Devices/HE-140-distlist"
"WseRemoteAccessUsers",,"Security","Global","","S-1-5-21-3291825774-2351178969-2332353497-1113","","Users with permissions to use VPN to connect to the server network remotely.","8/10/2020 8:43:49 PM","8/27/2020 7:40:45 PM","CN=WseRemoteAccessUsers,CN=Users,DC=LAB,DC=local","LAB.local/Users/WseRemoteAccessUsers"
"Distributed COM Users",,"Security","DomainLocal","","S-1-5-32-562","","Members are allowed to launch, activate and use Distributed COM objects on this machine.","8/10/2020 8:36:41 PM","8/27/2020 7:40:46 PM","CN=Distributed COM Users,CN=Builtin,DC=LAB,DC=local","LAB.local/Builtin/Distributed COM Users"
"JE-cal-distlist",,"Security","Global","JEANIE_SMITH","S-1-5-21-3291825774-2351178969-2332353497-4094","","Follow Davidprowe on twitter for updates to this script","8/27/2020 7:30:43 PM","8/27/2020 7:40:48 PM","CN=JE-cal-distlist,OU=ESM,OU=People,DC=LAB,DC=local","LAB.local/People/ESM/JE-cal-distlist"
"HA-laf-distlist",,"Security","Global","HAROLD_WARNER","S-1-5-21-3291825774-2351178969-2332353497-3965","","Follow Davidprowe on twitter for updates to this script","8/27/2020 7:28:41 PM","8/27/2020 7:40:44 PM","CN=HA-laf-distlist,OU=Staging,OU=Admin,DC=LAB,DC=local","LAB.local/Admin/Staging/HA-laf-distlist"
"IS-ikbasbou2-distlist",,"Security","Global","ISIAH_LAMBERT","S-1-5-21-3291825774-2351178969-2332353497-4095","","Follow Davidprowe on twitter for updates to this script","8/27/2020 7:30:44 PM","8/27/2020 7:40:41 PM","CN=IS-ikbasbou2-distlist,OU=Devices,OU=OGC,OU=Tier 1,DC=LAB,DC=local","LAB.local/Tier 1/OGC/Devices/IS-ikbasbou2-distlist"
"GE-bwo-distlist",,"Security","Global","GENEVA_IRWIN","S-1-5-21-3291825774-2351178969-2332353497-3999","","Follow Davidprowe on twitter for updates to this script","8/27/2020 7:29:14 PM","8/27/2020 7:40:49 PM","CN=GE-bwo-distlist,OU=Test,OU=GOO,OU=Stage,DC=LAB,DC=local","LAB.local/Stage/GOO/Test/GE-bwo-distlist"
"WseInvisibleToDashboard",,"Security","Global","","S-1-5-21-3291825774-2351178969-2332353497-1114","","Domain users that are hidden from Windows Server Essentials Dashboard.","8/10/2020 8:43:50 PM","8/27/2020 7:40:38 PM","CN=WseInvisibleToDashboard,CN=Users,DC=LAB,DC=local","LAB.local/Users/WseInvisibleToDashboard"
"IIS_IUSRS",,"Security","DomainLocal","","S-1-5-32-568","","Built-in group used by Internet Information Services.","8/10/2020 8:36:41 PM","8/27/2020 7:40:46 PM","CN=IIS_IUSRS,CN=Builtin,DC=LAB,DC=local","LAB.local/Builtin/IIS_IUSRS"
"JO-nez-admingroup",,"Security","Global","JOEY_MACIAS","S-1-5-21-3291825774-2351178969-2332353497-4096","","Follow Davidprowe on twitter for updates to this script","8/27/2020 7:30:45 PM","8/27/2020 7:40:49 PM","CN=JO-nez-admingroup,OU=ServiceAccounts,OU=HRE,OU=Tier 2,DC=LAB,DC=local","LAB.local/Tier 2/HRE/ServiceAccounts/JO-nez-admingroup"
"18-gus-distlist",,"Security","Global","1891243165SA","S-1-5-21-3291825774-2351178969-2332353497-3966","","Follow Davidprowe on twitter for updates to this script","8/27/2020 7:28:41 PM","8/27/2020 7:40:49 PM","CN=18-gus-distlist,OU=GOO,OU=People,DC=LAB,DC=local","LAB.local/People/GOO/18-gus-distlist"
"Cryptographic Operators",,"Security","DomainLocal","","S-1-5-32-569","","Members are authorized to perform cryptographic operations.","8/10/2020 8:36:41 PM","8/27/2020 7:40:46 PM","CN=Cryptographic Operators,CN=Builtin,DC=LAB,DC=local","LAB.local/Builtin/Cryptographic Operators"
"LE-chi-distlist",,"Security","Global","LENORE_MURRAY","S-1-5-21-3291825774-2351178969-2332353497-4000","","Follow Davidprowe on twitter for updates to this script","8/27/2020 7:29:15 PM","8/27/2020 7:40:49 PM","CN=LE-chi-distlist,OU=AWS,OU=Tier 1,DC=LAB,DC=local","LAB.local/Tier 1/AWS/LE-chi-distlist"
"Event Log Readers",,"Security","DomainLocal","","S-1-5-32-573","","Members of this group can read event logs from local machine","8/10/2020 8:36:41 PM","8/27/2020 7:40:46 PM","CN=Event Log Readers,CN=Builtin,DC=LAB,DC=local","LAB.local/Builtin/Event Log Readers"
"21-gua-admingroup",,"Security","Global","2117782300SA","S-1-5-21-3291825774-2351178969-2332353497-3967","","Follow Davidprowe on twitter for updates to this script","8/27/2020 7:28:42 PM","8/27/2020 7:40:34 PM","CN=21-gua-admingroup,OU=Test,OU=TST,OU=Tier 1,DC=LAB,DC=local","LAB.local/Tier 1/TST/Test/21-gua-admingroup"
"WseManagedGroups",,"Security","Global","","S-1-5-21-3291825774-2351178969-2332353497-1115","","Groups managed by Windows Server Essentials","8/10/2020 8:43:50 PM","8/27/2020 7:40:48 PM","CN=WseManagedGroups,CN=Users,DC=LAB,DC=local","LAB.local/Users/WseManagedGroups"
"AH-160-distlist",,"Security","Global","AHMED_KELLEY","S-1-5-21-3291825774-2351178969-2332353497-4097","","Follow Davidprowe on twitter for updates to this script","8/27/2020 7:30:46 PM","8/27/2020 7:40:32 PM","CN=AH-160-distlist,OU=Test,OU=FIN,OU=Tier 1,DC=LAB,DC=local","LAB.local/Tier 1/FIN/Test/AH-160-distlist"
"BR-551530301-admingroup",,"Security","Global","BRETT_KIM","S-1-5-21-3291825774-2351178969-2332353497-4001","","Follow Davidprowe on twitter for updates to this script","8/27/2020 7:29:16 PM","8/27/2020 7:40:47 PM","CN=BR-551530301-admingroup,OU=Test,OU=AWS,OU=Stage,DC=LAB,DC=local","LAB.local/Stage/AWS/Test/BR-551530301-admingroup"
"Certificate Service DCOM Access",,"Security","DomainLocal","","S-1-5-32-574","","Members of this group are allowed to connect to Certification Authorities in the enterprise","8/10/2020 8:36:41 PM","8/27/2020 7:40:46 PM","CN=Certificate Service DCOM Access,CN=Builtin,DC=LAB,DC=local","LAB.local/Builtin/Certificate Service DCOM Access"
"AP-152898251-distlist",,"Security","Global","APRIL_FUENTES","S-1-5-21-3291825774-2351178969-2332353497-4043","","Follow Davidprowe on twitter for updates to this script","8/27/2020 7:29:55 PM","8/27/2020 7:40:44 PM","CN=AP-152898251-distlist,OU=FSR,OU=Tier 1,DC=LAB,DC=local","LAB.local/Tier 1/FSR/AP-152898251-distlist"
"AL-amorincon-admingroup",,"Security","Global","ALEXIS_RIOS","S-1-5-21-3291825774-2351178969-2332353497-3968","","Follow Davidprowe on twitter for updates to this script","8/27/2020 7:28:43 PM","8/27/2020 7:40:50 PM","CN=AL-amorincon-admingroup,OU=Test,OU=AWS,OU=Tier 2,DC=LAB,DC=local","LAB.local/Tier 2/AWS/Test/AL-amorincon-admingroup"
"LA-shop_y_tu-distlist",,"Security","Global","LARRY_KERR","S-1-5-21-3291825774-2351178969-2332353497-4098","","Follow Davidprowe on twitter for updates to this script","8/27/2020 7:30:46 PM","8/27/2020 7:40:47 PM","CN=LA-shop_y_tu-distlist,OU=ServiceAccounts,OU=FIN,OU=Tier 1,DC=LAB,DC=local","LAB.local/Tier 1/FIN/ServiceAccounts/LA-shop_y_tu-distlist"
"GW-tivogliob-admingroup",,"Security","Global","GWEN_ROY","S-1-5-21-3291825774-2351178969-2332353497-4002","","Follow Davidprowe on twitter for updates to this script","8/27/2020 7:29:17 PM","8/27/2020 7:40:49 PM","CN=GW-tivogliob-admingroup,OU=Devices,OU=FIN,OU=Tier 1,DC=LAB,DC=local","LAB.local/Tier 1/FIN/Devices/GW-tivogliob-admingroup"
"RDS Remote Access Servers",,"Security","DomainLocal","","S-1-5-32-575","","Servers in this group enable users of RemoteApp programs and personal virtual desktops access to these resources. In Internet-facing deployments, these servers are typically deployed in an edge network. This group needs to be populated on servers running RD Connection Broker. RD Gateway servers and RD Web Access servers used in the deployment need to be in this group.","8/10/2020 8:36:41 PM","8/27/2020 7:40:46 PM","CN=RDS Remote Access Servers,CN=Builtin,DC=LAB,DC=local","LAB.local/Builtin/RDS Remote Access Servers"
"PE-229-admingroup",,"Security","Global","PETRA_RANDALL","S-1-5-21-3291825774-2351178969-2332353497-4044","","Follow Davidprowe on twitter for updates to this script","8/27/2020 7:29:56 PM","8/27/2020 7:40:45 PM","CN=PE-229-admingroup,OU=Test,OU=ESM,OU=Tier 1,DC=LAB,DC=local","LAB.local/Tier 1/ESM/Test/PE-229-admingroup"
"GA-vivi_chag-distlist",,"Security","Global","GALE_BLACK","S-1-5-21-3291825774-2351178969-2332353497-3969","","Follow Davidprowe on twitter for updates to this script","8/27/2020 7:28:44 PM","8/27/2020 7:40:49 PM","CN=GA-vivi_chag-distlist,OU=ServiceAccounts,OU=OGC,OU=Stage,DC=LAB,DC=local","LAB.local/Stage/OGC/ServiceAccounts/GA-vivi_chag-distlist"
"FE-amigosfox-distlist",,"Security","Global","FERN_SULLIVAN","S-1-5-21-3291825774-2351178969-2332353497-4099","","Follow Davidprowe on twitter for updates to this script","8/27/2020 7:30:48 PM","8/27/2020 7:40:50 PM","CN=FE-amigosfox-distlist,OU=Test,OU=ITS,OU=Tier 1,DC=LAB,DC=local","LAB.local/Tier 1/ITS/Test/FE-amigosfox-distlist"
"RDS Endpoint Servers",,"Security","DomainLocal","","S-1-5-32-576","","Servers in this group run virtual machines and host sessions where users RemoteApp programs and personal virtual desktops run. This group needs to be populated on servers running RD Connection Broker. RD Session Host servers and RD Virtualization Host servers used in the deployment need to be in this group.","8/10/2020 8:36:41 PM","8/27/2020 7:40:46 PM","CN=RDS Endpoint Servers,CN=Builtin,DC=LAB,DC=local","LAB.local/Builtin/RDS Endpoint Servers"
"LY-rud-distlist",,"Security","Global","LYMAN_CARTER","S-1-5-21-3291825774-2351178969-2332353497-4003","","Follow Davidprowe on twitter for updates to this script","8/27/2020 7:29:18 PM","8/27/2020 7:40:48 PM","CN=LY-rud-distlist,OU=Devices,OU=TST,OU=Tier 1,DC=LAB,DC=local","LAB.local/Tier 1/TST/Devices/LY-rud-distlist"
"RO-priscilla-distlist",,"Security","Global","ROCCO_WHITLEY","S-1-5-21-3291825774-2351178969-2332353497-4045","","Follow Davidprowe on twitter for updates to this script","8/27/2020 7:29:57 PM","8/27/2020 7:40:42 PM","CN=RO-priscilla-distlist,OU=ServiceAccounts,OU=BDE,OU=Tier 2,DC=LAB,DC=local","LAB.local/Tier 2/BDE/ServiceAccounts/RO-priscilla-distlist"
"AN-moisesalo-distlist",,"Security","Global","ANDRE_LANDRY","S-1-5-21-3291825774-2351178969-2332353497-3970","","Follow Davidprowe on twitter for updates to this script","8/27/2020 7:28:44 PM","8/27/2020 7:40:48 PM","CN=AN-moisesalo-distlist,OU=Devices,OU=SEC,OU=Tier 1,DC=LAB,DC=local","LAB.local/Tier 1/SEC/Devices/AN-moisesalo-distlist"
"NA-mamaypapa-admingroup",,"Security","Global","NADINE_JUAREZ","S-1-5-21-3291825774-2351178969-2332353497-4064","","Follow Davidprowe on twitter for updates to this script","8/27/2020 7:30:15 PM","8/27/2020 7:40:39 PM","CN=NA-mamaypapa-admingroup,OU=BDE,OU=Tier 1,DC=LAB,DC=local","LAB.local/Tier 1/BDE/NA-mamaypapa-admingroup"
"IR-zay-distlist",,"Security","Global","IRIS_MOSLEY","S-1-5-21-3291825774-2351178969-2332353497-4100","","Follow Davidprowe on twitter for updates to this script","8/27/2020 7:30:49 PM","8/27/2020 7:40:49 PM","CN=IR-zay-distlist,OU=FIN,OU=Tier 2,DC=LAB,DC=local","LAB.local/Tier 2/FIN/IR-zay-distlist"
"AL-ashleytis-distlist",,"Security","Global","ALDO_MASON","S-1-5-21-3291825774-2351178969-2332353497-4004","","Follow Davidprowe on twitter for updates to this script","8/27/2020 7:29:19 PM","8/27/2020 7:40:42 PM","CN=AL-ashleytis-distlist,OU=Devices,OU=FSR,OU=Stage,DC=LAB,DC=local","LAB.local/Stage/FSR/Devices/AL-ashleytis-distlist"
"SH-alondra20-distlist",,"Security","Global","SHANNA_ROWE","S-1-5-21-3291825774-2351178969-2332353497-4046","","Follow Davidprowe on twitter for updates to this script","8/27/2020 7:29:58 PM","8/27/2020 7:40:48 PM","CN=SH-alondra20-distlist,OU=Devices,OU=FIN,OU=Tier 2,DC=LAB,DC=local","LAB.local/Tier 2/FIN/Devices/SH-alondra20-distlist"
"FR-bar-distlist",,"Security","Global","FREDA_HYDE","S-1-5-21-3291825774-2351178969-2332353497-3971","","Follow Davidprowe on twitter for updates to this script","8/27/2020 7:28:46 PM","8/27/2020 7:40:40 PM","CN=FR-bar-distlist,OU=Test,OU=ITS,OU=Stage,DC=LAB,DC=local","LAB.local/Stage/ITS/Test/FR-bar-distlist"
"Protected Users",,"Security","Global","","S-1-5-21-3291825774-2351178969-2332353497-525","","Members of this group are afforded additional protections against authentication security threats. See http://go.microsoft.com/fwlink/?LinkId=298939 for more information.","8/10/2020 8:37:15 PM","8/27/2020 7:40:46 PM","CN=Protected Users,CN=Users,DC=LAB,DC=local","LAB.local/Users/Protected Users"
"IS-ca4000753-distlist",,"Security","Global","ISABEL_FERGUSON","S-1-5-21-3291825774-2351178969-2332353497-4101","","Follow Davidprowe on twitter for updates to this script","8/27/2020 7:30:49 PM","8/27/2020 7:40:49 PM","CN=IS-ca4000753-distlist,OU=ServiceAccounts,OU=FSR,OU=Tier 2,DC=LAB,DC=local","LAB.local/Tier 2/FSR/ServiceAccounts/IS-ca4000753-distlist"
"41-mam-admingroup",,"Security","Global","4116956442SA","S-1-5-21-3291825774-2351178969-2332353497-3972","","Follow Davidprowe on twitter for updates to this script","8/27/2020 7:28:47 PM","8/27/2020 7:40:29 PM","CN=41-mam-admingroup,OU=ITS,OU=People,DC=LAB,DC=local","LAB.local/People/ITS/41-mam-admingroup"
"Key Admins",,"Security","Global","","S-1-5-21-3291825774-2351178969-2332353497-526","","Members of this group can perform administrative actions on key objects within the domain.","8/10/2020 8:37:15 PM","8/27/2020 7:40:46 PM","CN=Key Admins,CN=Users,DC=LAB,DC=local","LAB.local/Users/Key Admins"
"SH-mictlante-distlist",,"Security","Global","SHANE_ADKINS","S-1-5-21-3291825774-2351178969-2332353497-4005","","Follow Davidprowe on twitter for updates to this script","8/27/2020 7:29:19 PM","8/27/2020 7:40:36 PM","CN=SH-mictlante-distlist,OU=HRE,OU=Stage,DC=LAB,DC=local","LAB.local/Stage/HRE/SH-mictlante-distlist"
"LE-namidnmai-distlist",,"Security","Global","LETA_HARTMAN","S-1-5-21-3291825774-2351178969-2332353497-4047","","Follow Davidprowe on twitter for updates to this script","8/27/2020 7:29:59 PM","8/27/2020 7:40:48 PM","CN=LE-namidnmai-distlist,OU=ServiceAccounts,OU=HRE,OU=Tier 2,DC=LAB,DC=local","LAB.local/Tier 2/HRE/ServiceAccounts/LE-namidnmai-distlist"
"SH-bla-admingroup",,"Security","Global","SHEREE_SULLIVAN","S-1-5-21-3291825774-2351178969-2332353497-4018","","Follow Davidprowe on twitter for updates to this script","8/27/2020 7:29:32 PM","8/27/2020 7:40:47 PM","CN=SH-bla-admingroup,OU=Devices,OU=AWS,OU=Tier 1,DC=LAB,DC=local","LAB.local/Tier 1/AWS/Devices/SH-bla-admingroup"
"Enterprise Key Admins",,"Security","Universal","","S-1-5-21-3291825774-2351178969-2332353497-527","","Members of this group can perform administrative actions on key objects within the forest.","8/10/2020 8:37:15 PM","8/10/2020 8:37:15 PM","CN=Enterprise Key Admins,CN=Users,DC=LAB,DC=local","LAB.local/Users/Enterprise Key Admins"
"SC-sac-admingroup",,"Security","Global","SCOTTY_BUCKNER","S-1-5-21-3291825774-2351178969-2332353497-3973","","Follow Davidprowe on twitter for updates to this script","8/27/2020 7:28:48 PM","8/27/2020 7:40:41 PM","CN=SC-sac-admingroup,OU=Testing,DC=LAB,DC=local","LAB.local/Testing/SC-sac-admingroup"
"34-ara786890-distlist",,"Security","Global","3405811396SA","S-1-5-21-3291825774-2351178969-2332353497-4006","","Follow Davidprowe on twitter for updates to this script","8/27/2020 7:29:20 PM","8/27/2020 7:40:43 PM","CN=34-ara786890-distlist,OU=Devices,OU=AZR,OU=Tier 1,DC=LAB,DC=local","LAB.local/Tier 1/AZR/Devices/34-ara786890-distlist"
"RE-contabili-admingroup",,"Security","Global","RENEE_WASHINGTON","S-1-5-21-3291825774-2351178969-2332353497-4048","","Follow Davidprowe on twitter for updates to this script","8/27/2020 7:30:00 PM","8/27/2020 7:40:48 PM","CN=RE-contabili-admingroup,OU=Devices,OU=ITS,OU=Tier 2,DC=LAB,DC=local","LAB.local/Tier 2/ITS/Devices/RE-contabili-admingroup"
"WO-arm-distlist",,"Security","Global","WOODROW_WATKINS","S-1-5-21-3291825774-2351178969-2332353497-4019","","Follow Davidprowe on twitter for updates to this script","8/27/2020 7:29:33 PM","8/27/2020 7:40:48 PM","CN=WO-arm-distlist,OU=HRE,OU=Tier 2,DC=LAB,DC=local","LAB.local/Tier 2/HRE/WO-arm-distlist"
"DnsAdmins",,"Security","DomainLocal","","S-1-5-21-3291825774-2351178969-2332353497-1103","","DNS Administrators Group","8/10/2020 8:37:54 PM","8/27/2020 7:40:46 PM","CN=DnsAdmins,CN=Users,DC=LAB,DC=local","LAB.local/Users/DnsAdmins"
"IS-040-distlist",,"Security","Global","ISABELLA_ORTEGA","S-1-5-21-3291825774-2351178969-2332353497-3974","","Follow Davidprowe on twitter for updates to this script","8/27/2020 7:28:49 PM","8/27/2020 7:40:48 PM","CN=IS-040-distlist,OU=BDE,OU=Tier 1,DC=LAB,DC=local","LAB.local/Tier 1/BDE/IS-040-distlist"
"SA-urigoiena-distlist",,"Security","Global","SAUNDRA_WITT","S-1-5-21-3291825774-2351178969-2332353497-4020","","Follow Davidprowe on twitter for updates to this script","8/27/2020 7:29:33 PM","8/27/2020 7:40:37 PM","CN=SA-urigoiena-distlist,OU=Test,OU=ITS,OU=Stage,DC=LAB,DC=local","LAB.local/Stage/ITS/Test/SA-urigoiena-distlist"
"CA-592-distlist",,"Security","Global","CARMEN_WOODS","S-1-5-21-3291825774-2351178969-2332353497-4007","","Follow Davidprowe on twitter for updates to this script","8/27/2020 7:29:21 PM","8/27/2020 7:40:49 PM","CN=CA-592-distlist,OU=Groups,OU=SEC,OU=Tier 2,DC=LAB,DC=local","LAB.local/Tier 2/SEC/Groups/CA-592-distlist"
"MI-alm-distlist",,"Security","Global","MILTON_JACOBS","S-1-5-21-3291825774-2351178969-2332353497-4049","","Follow Davidprowe on twitter for updates to this script","8/27/2020 7:30:01 PM","8/27/2020 7:40:25 PM","CN=MI-alm-distlist,OU=Test,OU=ITS,OU=Tier 2,DC=LAB,DC=local","LAB.local/Tier 2/ITS/Test/MI-alm-distlist"
"JO-bla-distlist",,"Security","Global","JOHNATHAN_STONE","S-1-5-21-3291825774-2351178969-2332353497-4021","","Follow Davidprowe on twitter for updates to this script","8/27/2020 7:29:35 PM","8/27/2020 7:40:40 PM","CN=JO-bla-distlist,OU=Domain Controllers,DC=LAB,DC=local","LAB.local/Domain Controllers/JO-bla-distlist"
"WE-poderosit-distlist",,"Security","Global","WENDELL_OBRIEN","S-1-5-21-3291825774-2351178969-2332353497-3975","","Follow Davidprowe on twitter for updates to this script","8/27/2020 7:28:50 PM","8/27/2020 7:40:44 PM","CN=WE-poderosit-distlist,OU=Grouper-Groups,DC=LAB,DC=local","LAB.local/Grouper-Groups/WE-poderosit-distlist"
"ED-110-admingroup",,"Security","Global","EDDIE_PATE","S-1-5-21-3291825774-2351178969-2332353497-4008","","Follow Davidprowe on twitter for updates to this script","8/27/2020 7:29:22 PM","8/27/2020 7:40:48 PM","CN=ED-110-admingroup,OU=Devices,OU=FIN,OU=Stage,DC=LAB,DC=local","LAB.local/Stage/FIN/Devices/ED-110-admingroup"
"GE-zal-distlist",,"Security","Global","GEORGIA_MARTINEZ","S-1-5-21-3291825774-2351178969-2332353497-4108","","Follow Davidprowe on twitter for updates to this script","8/27/2020 7:30:57 PM","8/27/2020 7:40:49 PM","CN=GE-zal-distlist,OU=Test,OU=AZR,OU=Tier 2,DC=LAB,DC=local","LAB.local/Tier 2/AZR/Test/GE-zal-distlist"
"LU-blylrtkm1-distlist",,"Security","Global","LUPE_SANDERS","S-1-5-21-3291825774-2351178969-2332353497-4022","","Follow Davidprowe on twitter for updates to this script","8/27/2020 7:29:35 PM","8/27/2020 7:40:50 PM","CN=LU-blylrtkm1-distlist,OU=Groups,OU=FIN,OU=Stage,DC=LAB,DC=local","LAB.local/Stage/FIN/Groups/LU-blylrtkm1-distlist"
"MO-carasucia-admingroup",,"Security","Global","MORTON_EDWARDS","S-1-5-21-3291825774-2351178969-2332353497-4009","","Follow Davidprowe on twitter for updates to this script","8/27/2020 7:29:23 PM","8/27/2020 7:40:47 PM","CN=MO-carasucia-admingroup,OU=Test,OU=FIN,OU=Stage,DC=LAB,DC=local","LAB.local/Stage/FIN/Test/MO-carasucia-admingroup"
"BL-161-admingroup",,"Security","Global","BLANCA_POTTER","S-1-5-21-3291825774-2351178969-2332353497-4109","","Follow Davidprowe on twitter for updates to this script","8/27/2020 7:30:58 PM","8/27/2020 7:40:44 PM","CN=BL-161-admingroup,OU=Quarantine,DC=LAB,DC=local","LAB.local/Quarantine/BL-161-admingroup"
"PA-gerardway-admingroup",,"Security","Global","PATRICK_GUTHRIE","S-1-5-21-3291825774-2351178969-2332353497-4050","","Follow Davidprowe on twitter for updates to this script","8/27/2020 7:30:02 PM","8/27/2020 7:40:42 PM","CN=PA-gerardway-admingroup,OU=ServiceAccounts,OU=ITS,OU=Tier 2,DC=LAB,DC=local","LAB.local/Tier 2/ITS/ServiceAccounts/PA-gerardway-admingroup"
"JA-ilovedani-admingroup",,"Security","Global","JACK_WILKERSON","S-1-5-21-3291825774-2351178969-2332353497-3976","","Follow Davidprowe on twitter for updates to this script","8/27/2020 7:28:52 PM","8/27/2020 7:40:48 PM","CN=JA-ilovedani-admingroup,OU=Unassociated,OU=People,DC=LAB,DC=local","LAB.local/People/Unassociated/JA-ilovedani-admingroup"
"AI-melamamas-distlist",,"Security","Global","AILEEN_WALLS","S-1-5-21-3291825774-2351178969-2332353497-4010","","Follow Davidprowe on twitter for updates to this script","8/27/2020 7:29:24 PM","8/27/2020 7:40:45 PM","CN=AI-melamamas-distlist,OU=ITS,OU=Tier 1,DC=LAB,DC=local","LAB.local/Tier 1/ITS/AI-melamamas-distlist"
"NI-602-distlist",,"Security","Global","NICHOLAS_WOODS","S-1-5-21-3291825774-2351178969-2332353497-4110","","Follow Davidprowe on twitter for updates to this script","8/27/2020 7:30:59 PM","8/27/2020 7:40:49 PM","CN=NI-602-distlist,OU=BDE,OU=Tier 2,DC=LAB,DC=local","LAB.local/Tier 2/BDE/NI-602-distlist"
"DA-ana-distlist",,"Security","Global","DAMON_HOWE","S-1-5-21-3291825774-2351178969-2332353497-4023","","Follow Davidprowe on twitter for updates to this script","8/27/2020 7:29:36 PM","8/27/2020 7:40:47 PM","CN=DA-ana-distlist,OU=T2-Roles,OU=Tier 2,OU=Admin,DC=LAB,DC=local","LAB.local/Admin/Tier 2/T2-Roles/DA-ana-distlist"
"LY-adiact289-distlist",,"Security","Global","LYNDA_WITT","S-1-5-21-3291825774-2351178969-2332353497-3977","","Follow Davidprowe on twitter for updates to this script","8/27/2020 7:28:52 PM","8/27/2020 7:40:41 PM","CN=LY-adiact289-distlist,OU=TST,OU=Tier 2,DC=LAB,DC=local","LAB.local/Tier 2/TST/LY-adiact289-distlist"
"VI-951-distlist",,"Security","Global","VICKIE_CARRILLO","S-1-5-21-3291825774-2351178969-2332353497-4024","","Follow Davidprowe on twitter for updates to this script","8/27/2020 7:29:38 PM","8/27/2020 7:40:37 PM","CN=VI-951-distlist,OU=FIN,OU=Tier 2,DC=LAB,DC=local","LAB.local/Tier 2/FIN/VI-951-distlist"
"JU-841-distlist",,"Security","Global","JULIANA_BEST","S-1-5-21-3291825774-2351178969-2332353497-4051","","Follow Davidprowe on twitter for updates to this script","8/27/2020 7:30:03 PM","8/27/2020 7:40:36 PM","CN=JU-841-distlist,OU=Admin,DC=LAB,DC=local","LAB.local/Admin/JU-841-distlist"
"NO-miq-distlist",,"Security","Global","NOAH_KLINE","S-1-5-21-3291825774-2351178969-2332353497-4065","","Follow Davidprowe on twitter for updates to this script","8/27/2020 7:30:16 PM","8/27/2020 7:40:49 PM","CN=NO-miq-distlist,OU=Test,OU=FSR,OU=Tier 1,DC=LAB,DC=local","LAB.local/Tier 1/FSR/Test/NO-miq-distlist"
"JE-pal-distlist",,"Security","Global","JEFFREY_HOGAN","S-1-5-21-3291825774-2351178969-2332353497-3978","","Follow Davidprowe on twitter for updates to this script","8/27/2020 7:28:53 PM","8/27/2020 7:40:35 PM","CN=JE-pal-distlist,OU=Devices,OU=BDE,OU=Stage,DC=LAB,DC=local","LAB.local/Stage/BDE/Devices/JE-pal-distlist"
"KI-1.20883E1-distlist",,"Security","Global","KIRSTEN_CRUZ","S-1-5-21-3291825774-2351178969-2332353497-3952","","Follow Davidprowe on twitter for updates to this script","8/27/2020 7:28:30 PM","8/27/2020 7:40:49 PM","CN=KI-1.20883E1-distlist,OU=Devices,OU=FSR,OU=Tier 1,DC=LAB,DC=local","LAB.local/Tier 1/FSR/Devices/KI-1.20883E1-distlist"
"AL-180-admingroup",,"Security","Global","ALISA_PENNINGTON","S-1-5-21-3291825774-2351178969-2332353497-4025","","Follow Davidprowe on twitter for updates to this script","8/27/2020 7:29:38 PM","8/27/2020 7:40:44 PM","CN=AL-180-admingroup,OU=Test,OU=FIN,OU=Tier 1,DC=LAB,DC=local","LAB.local/Tier 1/FIN/Test/AL-180-admingroup"
"BR-216-admingroup",,"Security","Global","BRIGITTE_CAMACHO","S-1-5-21-3291825774-2351178969-2332353497-4066","","Follow Davidprowe on twitter for updates to this script","8/27/2020 7:30:17 PM","8/27/2020 7:40:48 PM","CN=BR-216-admingroup,OU=ServiceAccounts,OU=SEC,OU=Tier 1,DC=LAB,DC=local","LAB.local/Tier 1/SEC/ServiceAccounts/BR-216-admingroup"
"KR-flo-distlist",,"Security","Global","KRISTINE_COLLIER","S-1-5-21-3291825774-2351178969-2332353497-4052","","Follow Davidprowe on twitter for updates to this script","8/27/2020 7:30:04 PM","8/27/2020 7:40:49 PM","CN=KR-flo-distlist,OU=Groups,OU=FIN,OU=Stage,DC=LAB,DC=local","LAB.local/Stage/FIN/Groups/KR-flo-distlist"
"DE-zidane200-admingroup",,"Security","Global","DEIDRE_DAVIS","S-1-5-21-3291825774-2351178969-2332353497-3979","","Follow Davidprowe on twitter for updates to this script","8/27/2020 7:28:54 PM","8/27/2020 7:40:40 PM","CN=DE-zidane200-admingroup,OU=AZR,OU=Tier 2,DC=LAB,DC=local","LAB.local/Tier 2/AZR/DE-zidane200-admingroup"
"EL-din-distlist",,"Security","Global","ELLA_ALEXANDER","S-1-5-21-3291825774-2351178969-2332353497-4026","","Follow Davidprowe on twitter for updates to this script","8/27/2020 7:29:39 PM","8/27/2020 7:40:49 PM","CN=EL-din-distlist,OU=HRE,OU=Stage,DC=LAB,DC=local","LAB.local/Stage/HRE/EL-din-distlist"
"BA-sum-admingroup",,"Security","Global","BARBRA_SANDOVAL","S-1-5-21-3291825774-2351178969-2332353497-4111","","Follow Davidprowe on twitter for updates to this script","8/27/2020 7:31:00 PM","8/27/2020 7:40:41 PM","CN=BA-sum-admingroup,OU=T1-Devices,OU=Tier 1,OU=Admin,DC=LAB,DC=local","LAB.local/Admin/Tier 1/T1-Devices/BA-sum-admingroup"
"DE-gia-distlist",,"Security","Global","DEBORAH_LARSON","S-1-5-21-3291825774-2351178969-2332353497-4067","","Follow Davidprowe on twitter for updates to this script","8/27/2020 7:30:18 PM","8/27/2020 7:40:43 PM","CN=DE-gia-distlist,OU=ServiceAccounts,OU=OGC,OU=Tier 2,DC=LAB,DC=local","LAB.local/Tier 2/OGC/ServiceAccounts/DE-gia-distlist"
"MI-mia-distlist",,"Security","Global","MINERVA_STEELE","S-1-5-21-3291825774-2351178969-2332353497-4102","","Follow Davidprowe on twitter for updates to this script","8/27/2020 7:30:50 PM","8/27/2020 7:40:45 PM","CN=MI-mia-distlist,OU=Quarantine,DC=LAB,DC=local","LAB.local/Quarantine/MI-mia-distlist"
"81-ixchel_94-admingroup",,"Security","Global","8150093723SA","S-1-5-21-3291825774-2351178969-2332353497-3980","","Follow Davidprowe on twitter for updates to this script","8/27/2020 7:28:55 PM","8/27/2020 7:40:47 PM","CN=81-ixchel_94-admingroup,OU=Groups,OU=AWS,OU=Tier 2,DC=LAB,DC=local","LAB.local/Tier 2/AWS/Groups/81-ixchel_94-admingroup"
"RO-albertito-distlist",,"Security","Global","ROSCOE_DUDLEY","S-1-5-21-3291825774-2351178969-2332353497-4027","","Follow Davidprowe on twitter for updates to this script","8/27/2020 7:29:40 PM","8/27/2020 7:40:48 PM","CN=RO-albertito-distlist,OU=AWS,OU=Tier 2,DC=LAB,DC=local","LAB.local/Tier 2/AWS/RO-albertito-distlist"
"HA-ger-distlist",,"Security","Global","HAZEL_SYKES","S-1-5-21-3291825774-2351178969-2332353497-4103","","Follow Davidprowe on twitter for updates to this script","8/27/2020 7:30:51 PM","8/27/2020 7:40:47 PM","CN=HA-ger-distlist,OU=OGC,OU=Tier 2,DC=LAB,DC=local","LAB.local/Tier 2/OGC/HA-ger-distlist"
"DI-men-distlist",,"Security","Global","DIANE_BAXTER","S-1-5-21-3291825774-2351178969-2332353497-4028","","Follow Davidprowe on twitter for updates to this script","8/27/2020 7:29:41 PM","8/27/2020 7:40:48 PM","CN=DI-men-distlist,OU=T2-Devices,OU=Tier 2,OU=Admin,DC=LAB,DC=local","LAB.local/Admin/Tier 2/T2-Devices/DI-men-distlist"
"BE-180-distlist",,"Security","Global","BENNIE_KRAMER","S-1-5-21-3291825774-2351178969-2332353497-4053","","Follow Davidprowe on twitter for updates to this script","8/27/2020 7:30:05 PM","8/27/2020 7:40:44 PM","CN=BE-180-distlist,OU=Tier 1,DC=LAB,DC=local","LAB.local/Tier 1/BE-180-distlist"
"65-ama-distlist",,"Security","Global","658923960SA","S-1-5-21-3291825774-2351178969-2332353497-3981","","Follow Davidprowe on twitter for updates to this script","8/27/2020 7:28:56 PM","8/27/2020 7:40:43 PM","CN=65-ama-distlist,OU=Test,OU=FSR,OU=Tier 2,DC=LAB,DC=local","LAB.local/Tier 2/FSR/Test/65-ama-distlist"
"NA-7h2jtntbc-distlist",,"Security","Global","NADINE_JUAREZ","S-1-5-21-3291825774-2351178969-2332353497-4068","","Follow Davidprowe on twitter for updates to this script","8/27/2020 7:30:19 PM","8/27/2020 7:40:48 PM","CN=NA-7h2jtntbc-distlist,OU=OGC,OU=Tier 1,DC=LAB,DC=local","LAB.local/Tier 1/OGC/NA-7h2jtntbc-distlist"
"MA-100-distlist",,"Security","Global","MARITZA_SHORT","S-1-5-21-3291825774-2351178969-2332353497-4104","","Follow Davidprowe on twitter for updates to this script","8/27/2020 7:30:52 PM","8/27/2020 7:40:49 PM","CN=MA-100-distlist,OU=ServiceAccounts,OU=GOO,OU=Tier 2,DC=LAB,DC=local","LAB.local/Tier 2/GOO/ServiceAccounts/MA-100-distlist"
"AM-pun-distlist",,"Security","Global","AMIE_HUBER","S-1-5-21-3291825774-2351178969-2332353497-4029","","Follow Davidprowe on twitter for updates to this script","8/27/2020 7:29:42 PM","8/27/2020 7:40:25 PM","CN=AM-pun-distlist,OU=Devices,OU=GOO,OU=Stage,DC=LAB,DC=local","LAB.local/Stage/GOO/Devices/AM-pun-distlist"
"JE-qooplsant-distlist",,"Security","Global","JEANINE_SAVAGE","S-1-5-21-3291825774-2351178969-2332353497-4069","","Follow Davidprowe on twitter for updates to this script","8/27/2020 7:30:19 PM","8/27/2020 7:40:50 PM","CN=JE-qooplsant-distlist,OU=T2-Permissions,OU=Tier 2,OU=Admin,DC=LAB,DC=local","LAB.local/Admin/Tier 2/T2-Permissions/JE-qooplsant-distlist"
"JA-220-admingroup",,"Security","Global","JAN_MENDEZ","S-1-5-21-3291825774-2351178969-2332353497-4105","","Follow Davidprowe on twitter for updates to this script","8/27/2020 7:30:53 PM","8/27/2020 7:40:48 PM","CN=JA-220-admingroup,OU=Tier 0,OU=Admin,DC=LAB,DC=local","LAB.local/Admin/Tier 0/JA-220-admingroup"
"CO-rimercito-admingroup",,"Security","Global","COLETTE_INGRAM","S-1-5-21-3291825774-2351178969-2332353497-4112","","Follow Davidprowe on twitter for updates to this script","8/27/2020 7:31:01 PM","8/27/2020 7:40:45 PM","CN=CO-rimercito-admingroup,OU=T0-Accounts,OU=Tier 0,OU=Admin,DC=LAB,DC=local","LAB.local/Admin/Tier 0/T0-Accounts/CO-rimercito-admingroup"
"DO-...-admingroup",,"Security","Global","DONNELL_MICHAEL","S-1-5-21-3291825774-2351178969-2332353497-4054","","Follow Davidprowe on twitter for updates to this script","8/27/2020 7:30:06 PM","8/27/2020 7:40:48 PM","CN=DO-...-admingroup,OU=Devices,OU=OGC,OU=Tier 1,DC=LAB,DC=local","LAB.local/Tier 1/OGC/Devices/DO-...-admingroup"
"BA-mer-admingroup",,"Security","Global","BARTON_MERRILL","S-1-5-21-3291825774-2351178969-2332353497-4030","","Follow Davidprowe on twitter for updates to this script","8/27/2020 7:29:43 PM","8/27/2020 7:40:49 PM","CN=BA-mer-admingroup,OU=ServiceAccounts,OU=ITS,OU=Stage,DC=LAB,DC=local","LAB.local/Stage/ITS/ServiceAccounts/BA-mer-admingroup"
"GL-523-admingroup",,"Security","Global","GLENN_ACEVEDO","S-1-5-21-3291825774-2351178969-2332353497-4070","","Follow Davidprowe on twitter for updates to this script","8/27/2020 7:30:20 PM","8/27/2020 7:40:41 PM","CN=GL-523-admingroup,OU=Test,OU=OGC,OU=Tier 2,DC=LAB,DC=local","LAB.local/Tier 2/OGC/Test/GL-523-admingroup"
"TR-cha-distlist",,"Security","Global","TRENTON_CHERRY","S-1-5-21-3291825774-2351178969-2332353497-4106","","Follow Davidprowe on twitter for updates to this script","8/27/2020 7:30:55 PM","8/27/2020 7:40:48 PM","CN=TR-cha-distlist,OU=Devices,OU=HRE,OU=Stage,DC=LAB,DC=local","LAB.local/Stage/HRE/Devices/TR-cha-distlist"
"DA-920-admingroup",,"Security","Global","DARIO_COMBS","S-1-5-21-3291825774-2351178969-2332353497-4113","","Follow Davidprowe on twitter for updates to this script","8/27/2020 7:31:02 PM","8/27/2020 7:40:49 PM","CN=DA-920-admingroup,OU=ESM,OU=Tier 2,DC=LAB,DC=local","LAB.local/Tier 2/ESM/DA-920-admingroup"
"CL-inf-distlist",,"Security","Global","CLARK_SALAZAR","S-1-5-21-3291825774-2351178969-2332353497-4031","","Follow Davidprowe on twitter for updates to this script","8/27/2020 7:29:44 PM","8/27/2020 7:40:48 PM","CN=CL-inf-distlist,OU=Groups,OU=AZR,OU=Tier 2,DC=LAB,DC=local","LAB.local/Tier 2/AZR/Groups/CL-inf-distlist"
"TR-lacodorni-distlist",,"Security","Global","TREY_BARLOW","S-1-5-21-3291825774-2351178969-2332353497-4071","","Follow Davidprowe on twitter for updates to this script","8/27/2020 7:30:21 PM","8/27/2020 7:40:43 PM","CN=TR-lacodorni-distlist,OU=Devices,OU=GOO,OU=Tier 2,DC=LAB,DC=local","LAB.local/Tier 2/GOO/Devices/TR-lacodorni-distlist"
"AR-evilempir-distlist",,"Security","Global","ARACELI_KNIGHT","S-1-5-21-3291825774-2351178969-2332353497-4114","","Follow Davidprowe on twitter for updates to this script","8/27/2020 7:31:03 PM","8/27/2020 7:40:50 PM","CN=AR-evilempir-distlist,OU=T2-Permissions,OU=Tier 2,OU=Admin,DC=LAB,DC=local","LAB.local/Admin/Tier 2/T2-Permissions/AR-evilempir-distlist"
"TA-marioboli-distlist",,"Security","Global","TASHA_BATES","S-1-5-21-3291825774-2351178969-2332353497-4107","","Follow Davidprowe on twitter for updates to this script","8/27/2020 7:30:56 PM","8/27/2020 7:40:49 PM","CN=TA-marioboli-distlist,OU=ESM,OU=Stage,DC=LAB,DC=local","LAB.local/Stage/ESM/TA-marioboli-distlist"
"ER-KYT-admingroup",,"Security","Global","ERNEST_HOLMAN","S-1-5-21-3291825774-2351178969-2332353497-4011","","Follow Davidprowe on twitter for updates to this script","8/27/2020 7:29:25 PM","8/27/2020 7:40:48 PM","CN=ER-KYT-admingroup,OU=Groups,OU=HRE,OU=Tier 1,DC=LAB,DC=local","LAB.local/Tier 1/HRE/Groups/ER-KYT-admingroup"
"HO-ars-distlist",,"Security","Global","HOLLY_LAWSON","S-1-5-21-3291825774-2351178969-2332353497-4032","","Follow Davidprowe on twitter for updates to this script","8/27/2020 7:29:45 PM","8/27/2020 7:40:49 PM","CN=HO-ars-distlist,OU=Groups,OU=OGC,OU=Stage,DC=LAB,DC=local","LAB.local/Stage/OGC/Groups/HO-ars-distlist"
"WI-rey-distlist",,"Security","Global","WILFORD_HORNE","S-1-5-21-3291825774-2351178969-2332353497-4072","","Follow Davidprowe on twitter for updates to this script","8/27/2020 7:30:22 PM","8/27/2020 7:40:48 PM","CN=WI-rey-distlist,OU=Test,OU=ITS,OU=Stage,DC=LAB,DC=local","LAB.local/Stage/ITS/Test/WI-rey-distlist"
"RDS Management Servers",,"Security","DomainLocal","","S-1-5-32-577","","Servers in this group can perform routine administrative actions on servers running Remote Desktop Services. This group needs to be populated on all servers in a Remote Desktop Services deployment. The servers running the RDS Central Management service must be included in this group.","8/10/2020 8:36:41 PM","8/27/2020 7:40:46 PM","CN=RDS Management Servers,CN=Builtin,DC=LAB,DC=local","LAB.local/Builtin/RDS Management Servers"
"TR-270-distlist",,"Security","Global","TRUDY_ESTRADA","S-1-5-21-3291825774-2351178969-2332353497-4115","","Follow Davidprowe on twitter for updates to this script","8/27/2020 7:31:04 PM","8/27/2020 7:40:47 PM","CN=TR-270-distlist,OU=Groups,OU=AWS,OU=Tier 2,DC=LAB,DC=local","LAB.local/Tier 2/AWS/Groups/TR-270-distlist"
"JA-sup-distlist",,"Security","Global","JANELL_BALLARD","S-1-5-21-3291825774-2351178969-2332353497-4033","","Follow Davidprowe on twitter for updates to this script","8/27/2020 7:29:46 PM","8/27/2020 7:40:48 PM","CN=JA-sup-distlist,OU=Test,OU=FIN,OU=Tier 1,DC=LAB,DC=local","LAB.local/Tier 1/FIN/Test/JA-sup-distlist"
"14-bilbao227-distlist",,"Security","Global","1469287668SA","S-1-5-21-3291825774-2351178969-2332353497-4073","","Follow Davidprowe on twitter for updates to this script","8/27/2020 7:30:23 PM","8/27/2020 7:40:42 PM","CN=14-bilbao227-distlist,OU=Devices,OU=FSR,OU=Stage,DC=LAB,DC=local","LAB.local/Stage/FSR/Devices/14-bilbao227-distlist"
"Hyper-V Administrators",,"Security","DomainLocal","","S-1-5-32-578","","Members of this group have complete and unrestricted access to all features of Hyper-V.","8/10/2020 8:36:41 PM","8/27/2020 7:40:46 PM","CN=Hyper-V Administrators,CN=Builtin,DC=LAB,DC=local","LAB.local/Builtin/Hyper-V Administrators"
"ZA-PEQ-distlist",,"Security","Global","ZACHERY_OLSEN","S-1-5-21-3291825774-2351178969-2332353497-4034","","Follow Davidprowe on twitter for updates to this script","8/27/2020 7:29:47 PM","8/27/2020 7:40:41 PM","CN=ZA-PEQ-distlist,OU=Groups,OU=HRE,OU=Tier 2,DC=LAB,DC=local","LAB.local/Tier 2/HRE/Groups/ZA-PEQ-distlist"
"PA-swe-distlist",,"Security","Global","PAMELA_BUTLER","S-1-5-21-3291825774-2351178969-2332353497-4074","","Follow Davidprowe on twitter for updates to this script","8/27/2020 7:30:24 PM","8/27/2020 7:40:45 PM","CN=PA-swe-distlist,OU=Test,OU=FIN,OU=Tier 1,DC=LAB,DC=local","LAB.local/Tier 1/FIN/Test/PA-swe-distlist"
"CO-kristy.22-distlist",,"Security","Global","CONCEPCION_BLAIR","S-1-5-21-3291825774-2351178969-2332353497-4075","","Follow Davidprowe on twitter for updates to this script","8/27/2020 7:30:25 PM","8/27/2020 7:40:43 PM","CN=CO-kristy.22-distlist,OU=workstation_test_OU,DC=LAB,DC=local","LAB.local/workstation_test_OU/CO-kristy.22-distlist"
"Access Control Assistance Operators",,"Security","DomainLocal","","S-1-5-32-579","","Members of this group can remotely query authorization attributes and permissions for resources on this computer.","8/10/2020 8:36:41 PM","8/27/2020 7:40:46 PM","CN=Access Control Assistance Operators,CN=Builtin,DC=LAB,DC=local","LAB.local/Builtin/Access Control Assistance Operators"
"LU-helpless2-distlist",,"Security","Global","LUISA_BARNES","S-1-5-21-3291825774-2351178969-2332353497-4055","","Follow Davidprowe on twitter for updates to this script","8/27/2020 7:30:07 PM","8/27/2020 7:40:48 PM","CN=LU-helpless2-distlist,OU=Test,OU=AZR,OU=Tier 2,DC=LAB,DC=local","LAB.local/Tier 2/AZR/Test/LU-helpless2-distlist"
"AN-diarrea78-distlist",,"Security","Global","ANNE_JACKSON","S-1-5-21-3291825774-2351178969-2332353497-4035","","Follow Davidprowe on twitter for updates to this script","8/27/2020 7:29:48 PM","8/27/2020 7:40:48 PM","CN=AN-diarrea78-distlist,OU=Grouper-Groups,DC=LAB,DC=local","LAB.local/Grouper-Groups/AN-diarrea78-distlist"
"SA-670587865-distlist",,"Security","Global","SAMMIE_KRAMER","S-1-5-21-3291825774-2351178969-2332353497-4076","","Follow Davidprowe on twitter for updates to this script","8/27/2020 7:30:26 PM","8/27/2020 7:40:35 PM","CN=SA-670587865-distlist,OU=ServiceAccounts,OU=FSR,OU=Tier 1,DC=LAB,DC=local","LAB.local/Tier 1/FSR/ServiceAccounts/SA-670587865-distlist"
"Remote Management Users",,"Security","DomainLocal","","S-1-5-32-580","","Members of this group can access WMI resources over management protocols (such as WS-Management via the Windows Remote Management service). This applies only to WMI namespaces that grant access to the user.","8/10/2020 8:36:41 PM","8/27/2020 7:40:46 PM","CN=Remote Management Users,CN=Builtin,DC=LAB,DC=local","LAB.local/Builtin/Remote Management Users"
"LE-cas-distlist",,"Security","Global","LETHA_BALLARD","S-1-5-21-3291825774-2351178969-2332353497-4116","","Follow Davidprowe on twitter for updates to this script","8/27/2020 7:31:05 PM","8/27/2020 7:40:50 PM","CN=LE-cas-distlist,OU=Groups,OU=OGC,OU=Tier 2,DC=LAB,DC=local","LAB.local/Tier 2/OGC/Groups/LE-cas-distlist"
"DI-a12-distlist",,"Security","Global","DIEGO_MORRISON","S-1-5-21-3291825774-2351178969-2332353497-3953","","Follow Davidprowe on twitter for updates to this script","8/27/2020 7:28:31 PM","8/27/2020 7:40:50 PM","CN=DI-a12-distlist,OU=Devices,OU=FSR,OU=Tier 2,DC=LAB,DC=local","LAB.local/Tier 2/FSR/Devices/DI-a12-distlist"
"DO-265-distlist",,"Security","Global","DOREEN_LEON","S-1-5-21-3291825774-2351178969-2332353497-3982","","Follow Davidprowe on twitter for updates to this script","8/27/2020 7:28:57 PM","8/27/2020 7:40:45 PM","CN=DO-265-distlist,OU=ServiceAccounts,OU=BDE,OU=Stage,DC=LAB,DC=local","LAB.local/Stage/BDE/ServiceAccounts/DO-265-distlist"
"WA-barryrayw-distlist",,"Security","Global","WALLACE_NGUYEN","S-1-5-21-3291825774-2351178969-2332353497-4117","","Follow Davidprowe on twitter for updates to this script","8/27/2020 7:31:06 PM","8/27/2020 7:40:50 PM","CN=WA-barryrayw-distlist,OU=Groups,OU=GOO,OU=Tier 1,DC=LAB,DC=local","LAB.local/Tier 1/GOO/Groups/WA-barryrayw-distlist"
"CO-querayada-distlist",,"Security","Global","COY_FLOYD","S-1-5-21-3291825774-2351178969-2332353497-4077","","Follow Davidprowe on twitter for updates to this script","8/27/2020 7:30:27 PM","8/27/2020 7:40:47 PM","CN=CO-querayada-distlist,OU=Groups,OU=BDE,OU=Tier 2,DC=LAB,DC=local","LAB.local/Tier 2/BDE/Groups/CO-querayada-distlist"
"46-EX3-distlist",,"Security","Global","4677844380SA","S-1-5-21-3291825774-2351178969-2332353497-4056","","Follow Davidprowe on twitter for updates to this script","8/27/2020 7:30:07 PM","8/27/2020 7:40:49 PM","CN=46-EX3-distlist,OU=Test,OU=AWS,OU=Tier 2,DC=LAB,DC=local","LAB.local/Tier 2/AWS/Test/46-EX3-distlist"
"NO-fariddu49-distlist",,"Security","Global","NOEL_SAVAGE","S-1-5-21-3291825774-2351178969-2332353497-3954","","Follow Davidprowe on twitter for updates to this script","8/27/2020 7:28:32 PM","8/27/2020 7:40:48 PM","CN=NO-fariddu49-distlist,OU=Groups,OU=FIN,OU=Stage,DC=LAB,DC=local","LAB.local/Stage/FIN/Groups/NO-fariddu49-distlist"
"System Managed Accounts Group",,"Security","DomainLocal","","S-1-5-32-581","","Members of this group are managed by the system.","8/10/2020 8:36:41 PM","8/27/2020 7:40:46 PM","CN=System Managed Accounts Group,CN=Builtin,DC=LAB,DC=local","LAB.local/Builtin/System Managed Accounts Group"
"RI-Mig-distlist",,"Security","Global","RICARDO_MANN","S-1-5-21-3291825774-2351178969-2332353497-3983","","Follow Davidprowe on twitter for updates to this script","8/27/2020 7:28:58 PM","8/27/2020 7:40:50 PM","CN=RI-Mig-distlist,OU=Groups,OU=BDE,OU=Stage,DC=LAB,DC=local","LAB.local/Stage/BDE/Groups/RI-Mig-distlist"
"CL-est-distlist",,"Security","Global","CLAYTON_BRIDGES","S-1-5-21-3291825774-2351178969-2332353497-3955","","Follow Davidprowe on twitter for updates to this script","8/27/2020 7:28:33 PM","8/27/2020 7:40:40 PM","CN=CL-est-distlist,OU=Devices,OU=GOO,OU=Tier 2,DC=LAB,DC=local","LAB.local/Tier 2/GOO/Devices/CL-est-distlist"
"FR-the-distlist",,"Security","Global","FREDDIE_PUCKETT","S-1-5-21-3291825774-2351178969-2332353497-4078","","Follow Davidprowe on twitter for updates to this script","8/27/2020 7:30:28 PM","8/27/2020 7:40:38 PM","CN=FR-the-distlist,OU=ServiceAccounts,OU=ITS,OU=Tier 1,DC=LAB,DC=local","LAB.local/Tier 1/ITS/ServiceAccounts/FR-the-distlist"
"Storage Replica Administrators",,"Security","DomainLocal","","S-1-5-32-582","","Members of this group have complete and unrestricted access to all features of Storage Replica.","8/10/2020 8:36:41 PM","8/27/2020 7:40:46 PM","CN=Storage Replica Administrators,CN=Builtin,DC=LAB,DC=local","LAB.local/Builtin/Storage Replica Administrators"
"AL-860-admingroup",,"Security","Global","ALISA_PENNINGTON","S-1-5-21-3291825774-2351178969-2332353497-3984","","Follow Davidprowe on twitter for updates to this script","8/27/2020 7:28:59 PM","8/27/2020 7:40:48 PM","CN=AL-860-admingroup,OU=OGC,OU=People,DC=LAB,DC=local","LAB.local/People/OGC/AL-860-admingroup"
"WI-pforzheim-admingroup",,"Security","Global","WILLIE_HILL","S-1-5-21-3291825774-2351178969-2332353497-4079","","Follow Davidprowe on twitter for updates to this script","8/27/2020 7:30:29 PM","8/27/2020 7:40:41 PM","CN=WI-pforzheim-admingroup,OU=Test,OU=AWS,OU=Tier 1,DC=LAB,DC=local","LAB.local/Tier 1/AWS/Test/WI-pforzheim-admingroup"
"VA-ale-distlist",,"Security","Global","VALERIA_HICKS","S-1-5-21-3291825774-2351178969-2332353497-4057","","Follow Davidprowe on twitter for updates to this script","8/27/2020 7:30:09 PM","8/27/2020 7:40:49 PM","CN=VA-ale-distlist,OU=BDE,OU=People,DC=LAB,DC=local","LAB.local/People/BDE/VA-ale-distlist"
"JA-f13l27a1l-distlist",,"Security","Global","JARRETT_CRUZ","S-1-5-21-3291825774-2351178969-2332353497-3956","","Follow Davidprowe on twitter for updates to this script","8/27/2020 7:28:34 PM","8/27/2020 7:40:45 PM","CN=JA-f13l27a1l-distlist,OU=Devices,OU=TST,OU=Tier 2,DC=LAB,DC=local","LAB.local/Tier 2/TST/Devices/JA-f13l27a1l-distlist"
"ER-layrentea-distlist",,"Security","Global","ERROL_SCHULTZ","S-1-5-21-3291825774-2351178969-2332353497-4118","","Follow Davidprowe on twitter for updates to this script","8/27/2020 7:31:07 PM","8/27/2020 7:40:44 PM","CN=ER-layrentea-distlist,OU=ServiceAccounts,OU=ITS,OU=Tier 2,DC=LAB,DC=local","LAB.local/Tier 2/ITS/ServiceAccounts/ER-layrentea-distlist"
"IR-PRINCESA0-admingroup",,"Security","Global","IRVIN_ORR","S-1-5-21-3291825774-2351178969-2332353497-4058","","Follow Davidprowe on twitter for updates to this script","8/27/2020 7:30:09 PM","8/27/2020 7:40:41 PM","CN=IR-PRINCESA0-admingroup,OU=ServiceAccounts,OU=OGC,OU=Stage,DC=LAB,DC=local","LAB.local/Stage/OGC/ServiceAccounts/IR-PRINCESA0-admingroup"
"ME-yazminsit-admingroup",,"Security","Global","MERVIN_DANIEL","S-1-5-21-3291825774-2351178969-2332353497-3957","","Follow Davidprowe on twitter for updates to this script","8/27/2020 7:28:34 PM","8/27/2020 7:40:49 PM","CN=ME-yazminsit-admingroup,OU=Test,OU=SEC,OU=Stage,DC=LAB,DC=local","LAB.local/Stage/SEC/Test/ME-yazminsit-admingroup"
"JA-031284cha-distlist",,"Security","Global","JACQUELINE_CLEVELAND","S-1-5-21-3291825774-2351178969-2332353497-4119","","Follow Davidprowe on twitter for updates to this script","8/27/2020 7:31:08 PM","8/27/2020 7:40:50 PM","CN=JA-031284cha-distlist,OU=Test,OU=TST,OU=Tier 2,DC=LAB,DC=local","LAB.local/Tier 2/TST/Test/JA-031284cha-distlist"
"PH-fifomipit-admingroup",,"Security","Global","PHIL_GALLOWAY","S-1-5-21-3291825774-2351178969-2332353497-3958","","Follow Davidprowe on twitter for updates to this script","8/27/2020 7:28:35 PM","8/27/2020 7:40:50 PM","CN=PH-fifomipit-admingroup,OU=Test,OU=AZR,OU=Tier 1,DC=LAB,DC=local","LAB.local/Tier 1/AZR/Test/PH-fifomipit-admingroup"
"EL-234-admingroup",,"Security","Global","ELLA_SARGENT","S-1-5-21-3291825774-2351178969-2332353497-4120","","Follow Davidprowe on twitter for updates to this script","8/27/2020 7:31:09 PM","8/27/2020 7:40:49 PM","CN=EL-234-admingroup,OU=Test,OU=FSR,OU=Tier 2,DC=LAB,DC=local","LAB.local/Tier 2/FSR/Test/EL-234-admingroup"
"VA-aguilucho-distlist",,"Security","Global","VALARIE_MOON","S-1-5-21-3291825774-2351178969-2332353497-3959","","Follow Davidprowe on twitter for updates to this script","8/27/2020 7:28:36 PM","8/27/2020 7:40:43 PM","CN=VA-aguilucho-distlist,OU=ServiceAccounts,OU=FIN,OU=Tier 1,DC=LAB,DC=local","LAB.local/Tier 1/FIN/ServiceAccounts/VA-aguilucho-distlist"
"CO-ome-distlist",,"Security","Global","COLLIN_BOND","S-1-5-21-3291825774-2351178969-2332353497-4121","","Follow Davidprowe on twitter for updates to this script","8/27/2020 7:31:10 PM","8/27/2020 7:40:48 PM","CN=CO-ome-distlist,OU=ServiceAccounts,OU=AZR,OU=Tier 2,DC=LAB,DC=local","LAB.local/Tier 2/AZR/ServiceAccounts/CO-ome-distlist"
"BR-iva-distlist",,"Security","Global","BRYANT_ROLLINS","S-1-5-21-3291825774-2351178969-2332353497-3960","","Follow Davidprowe on twitter for updates to this script","8/27/2020 7:28:37 PM","8/27/2020 7:40:48 PM","CN=BR-iva-distlist,OU=OGC,OU=Stage,DC=LAB,DC=local","LAB.local/Stage/OGC/BR-iva-distlist"
"AL-leninmarx-admingroup",,"Security","Global","ALLAN_STRONG","S-1-5-21-3291825774-2351178969-2332353497-4059","","Follow Davidprowe on twitter for updates to this script","8/27/2020 7:30:10 PM","8/27/2020 7:40:49 PM","CN=AL-leninmarx-admingroup,OU=TST,OU=People,DC=LAB,DC=local","LAB.local/People/TST/AL-leninmarx-admingroup"
"13-mta-distlist",,"Security","Global","1382940090SA","S-1-5-21-3291825774-2351178969-2332353497-4122","","Follow Davidprowe on twitter for updates to this script","8/27/2020 7:31:11 PM","8/27/2020 7:40:48 PM","CN=13-mta-distlist,OU=FIN,OU=Stage,DC=LAB,DC=local","LAB.local/Stage/FIN/13-mta-distlist"
"31-boeing747-distlist",,"Security","Global","3118506088SA","S-1-5-21-3291825774-2351178969-2332353497-3961","","Follow Davidprowe on twitter for updates to this script","8/27/2020 7:28:37 PM","8/27/2020 7:40:48 PM","CN=31-boeing747-distlist,OU=Groups,OU=FSR,OU=Stage,DC=LAB,DC=local","LAB.local/Stage/FSR/Groups/31-boeing747-distlist"
"JO-com-distlist",,"Security","Global","JOYCE_CAMPOS","S-1-5-21-3291825774-2351178969-2332353497-3962","","Follow Davidprowe on twitter for updates to this script","8/27/2020 7:28:38 PM","8/27/2020 7:40:36 PM","CN=JO-com-distlist,OU=GOO,OU=Stage,DC=LAB,DC=local","LAB.local/Stage/GOO/JO-com-distlist"
"MA-cabecital-distlist",,"Security","Global","MARISA_MULLINS","S-1-5-21-3291825774-2351178969-2332353497-4123","","Follow Davidprowe on twitter for updates to this script","8/27/2020 7:31:13 PM","8/27/2020 7:40:48 PM","CN=MA-cabecital-distlist,OU=Tier 1,DC=LAB,DC=local","LAB.local/Tier 1/MA-cabecital-distlist"
"MI-bef-distlist",,"Security","Global","MILTON_JACOBS","S-1-5-21-3291825774-2351178969-2332353497-3963","","Follow Davidprowe on twitter for updates to this script","8/27/2020 7:28:39 PM","8/27/2020 7:40:49 PM","CN=MI-bef-distlist,OU=Groups,OU=HRE,OU=Stage,DC=LAB,DC=local","LAB.local/Stage/HRE/Groups/MI-bef-distlist"
"AL-chi-distlist",,"Security","Global","ALLIE_KIDD","S-1-5-21-3291825774-2351178969-2332353497-4124","","Follow Davidprowe on twitter for updates to this script","8/27/2020 7:31:14 PM","8/27/2020 7:40:50 PM","CN=AL-chi-distlist,OU=ServiceAccounts,OU=HRE,OU=Tier 1,DC=LAB,DC=local","LAB.local/Tier 1/HRE/ServiceAccounts/AL-chi-distlist"
"NO-ixchel_94-distlist",,"Security","Global","NORMAN_BOYLE","S-1-5-21-3291825774-2351178969-2332353497-4125","","Follow Davidprowe on twitter for updates to this script","8/27/2020 7:31:15 PM","8/27/2020 7:40:39 PM","CN=NO-ixchel_94-distlist,OU=ServiceAccounts,OU=SEC,OU=Tier 1,DC=LAB,DC=local","LAB.local/Tier 1/SEC/ServiceAccounts/NO-ixchel_94-distlist"
"MA-bre-distlist",,"Security","Global","MARITZA_SHORT","S-1-5-21-3291825774-2351178969-2332353497-4126","","Follow Davidprowe on twitter for updates to this script","8/27/2020 7:31:17 PM","8/27/2020 7:40:48 PM","CN=MA-bre-distlist,OU=Deprovisioned,OU=People,DC=LAB,DC=local","LAB.local/People/Deprovisioned/MA-bre-distlist"
"CO-130-distlist",,"Security","Global","COLIN_HUBER","S-1-5-21-3291825774-2351178969-2332353497-3985","","Follow Davidprowe on twitter for updates to this script","8/27/2020 7:29:00 PM","8/27/2020 7:40:49 PM","CN=CO-130-distlist,OU=T1-Servers,OU=Tier 1,OU=Admin,DC=LAB,DC=local","LAB.local/Admin/Tier 1/T1-Servers/CO-130-distlist"
"CY-ashlimams-distlist",,"Security","Global","CYRUS_GRIFFITH","S-1-5-21-3291825774-2351178969-2332353497-4080","","Follow Davidprowe on twitter for updates to this script","8/27/2020 7:30:30 PM","8/27/2020 7:40:48 PM","CN=CY-ashlimams-distlist,OU=ServiceAccounts,OU=AZR,OU=Stage,DC=LAB,DC=local","LAB.local/Stage/AZR/ServiceAccounts/CY-ashlimams-distlist"
"LO-mar-distlist",,"Security","Global","LORENA_GILLESPIE","S-1-5-21-3291825774-2351178969-2332353497-4127","","Follow Davidprowe on twitter for updates to this script","8/27/2020 7:31:18 PM","8/27/2020 7:40:44 PM","CN=LO-mar-distlist,OU=T1-Servers,OU=Tier 1,OU=Admin,DC=LAB,DC=local","LAB.local/Admin/Tier 1/T1-Servers/LO-mar-distlist"
"Domain Computers",,"Security","Global","","S-1-5-21-3291825774-2351178969-2332353497-515","","All workstations and servers joined to the domain","8/10/2020 8:37:15 PM","8/27/2020 7:40:45 PM","CN=Domain Computers,CN=Users,DC=LAB,DC=local","LAB.local/Users/Domain Computers"
"TE-pendejo77-distlist",,"Security","Global","TERRY_BURKS","S-1-5-21-3291825774-2351178969-2332353497-4081","","Follow Davidprowe on twitter for updates to this script","8/27/2020 7:30:31 PM","8/27/2020 7:40:45 PM","CN=TE-pendejo77-distlist,OU=ServiceAccounts,OU=OGC,OU=Stage,DC=LAB,DC=local","LAB.local/Stage/OGC/ServiceAccounts/TE-pendejo77-distlist"
"TR-alt-distlist",,"Security","Global","TRUDY_RODGERS","S-1-5-21-3291825774-2351178969-2332353497-3986","","Follow Davidprowe on twitter for updates to this script","8/27/2020 7:29:01 PM","8/27/2020 7:40:47 PM","CN=TR-alt-distlist,OU=OGC,OU=Stage,DC=LAB,DC=local","LAB.local/Stage/OGC/TR-alt-distlist"
"BU-mil-distlist",,"Security","Global","BURT_BENNETT","S-1-5-21-3291825774-2351178969-2332353497-4082","","Follow Davidprowe on twitter for updates to this script","8/27/2020 7:30:32 PM","8/27/2020 7:40:48 PM","CN=BU-mil-distlist,OU=Test,OU=OGC,OU=Stage,DC=LAB,DC=local","LAB.local/Stage/OGC/Test/BU-mil-distlist"
"68-248-distlist",,"Security","Global","6840100369SA","S-1-5-21-3291825774-2351178969-2332353497-4128","","Follow Davidprowe on twitter for updates to this script","8/27/2020 7:31:19 PM","8/27/2020 7:40:50 PM","CN=68-248-distlist,OU=GOO,OU=Tier 2,DC=LAB,DC=local","LAB.local/Tier 2/GOO/68-248-distlist"
"CH-03Dolores-distlist",,"Security","Global","CHASE_SAWYER","S-1-5-21-3291825774-2351178969-2332353497-3987","","Follow Davidprowe on twitter for updates to this script","8/27/2020 7:29:02 PM","8/27/2020 7:39:56 PM","CN=CH-03Dolores-distlist,OU=TST,OU=People,DC=LAB,DC=local","LAB.local/People/TST/CH-03Dolores-distlist"
"AL-cat-distlist",,"Security","Global","ALLIE_KIDD","S-1-5-21-3291825774-2351178969-2332353497-4083","","Follow Davidprowe on twitter for updates to this script","8/27/2020 7:30:33 PM","8/27/2020 7:40:45 PM","CN=AL-cat-distlist,OU=GOO,OU=Stage,DC=LAB,DC=local","LAB.local/Stage/GOO/AL-cat-distlist"
"JA-tom-distlist",,"Security","Global","JAMI_KERR","S-1-5-21-3291825774-2351178969-2332353497-4129","","Follow Davidprowe on twitter for updates to this script","8/27/2020 7:31:20 PM","8/27/2020 7:40:45 PM","CN=JA-tom-distlist,OU=FSR,OU=Tier 2,DC=LAB,DC=local","LAB.local/Tier 2/FSR/JA-tom-distlist"
"MI-ber-distlist",,"Security","Global","MILLIE_ROWLAND","S-1-5-21-3291825774-2351178969-2332353497-4130","","Follow Davidprowe on twitter for updates to this script","8/27/2020 7:31:21 PM","8/27/2020 7:40:49 PM","CN=MI-ber-distlist,OU=Groups,OU=BDE,OU=Stage,DC=LAB,DC=local","LAB.local/Stage/BDE/Groups/MI-ber-distlist"
"19-ton-distlist",,"Security","Global","1987027106SA","S-1-5-21-3291825774-2351178969-2332353497-4131","","Follow Davidprowe on twitter for updates to this script","8/27/2020 7:31:22 PM","8/27/2020 7:40:47 PM","CN=19-ton-distlist,OU=FIN,OU=Tier 1,DC=LAB,DC=local","LAB.local/Tier 1/FIN/19-ton-distlist"
"nested group","1","Security","Global","","S-1-5-21-3291825774-2351178969-2332353497-4275","","","9/1/2020 6:28:40 PM","9/1/2020 6:44:22 PM","CN=nested group,OU=workstation_test_OU,DC=LAB,DC=local","LAB.local/workstation_test_OU/nested group"
